//! x/text unicode/norm 15.0.0 tables (NFC/NFD only), from
//! golang.org/x/text@v0.26.0/unicode/norm/tables15.0.0.go.
//!
//! Generated by tools/go-oracle/nh-common/norm (do not edit).

pub(super) const VERSION: &str = "15.0.0";

pub(super) const FIRST_CCC: u16 = 0x2DD5;
pub(super) const FIRST_LEADING_CCC: u16 = 0x4AEF;
pub(super) const FIRST_CCC_ZERO_EXCEPT: u16 = 0x4BB9;
pub(super) const FIRST_STARTER_WITH_N_LEAD: u16 = 0x4BE0;

/// `nfcTrie.lookupValue`: blocks below this index are dense (`nfcValues`).
pub(super) const NFC_DENSE_BLOCKS: u32 = 46;

pub(super) static CCC: [u8; 56] = [
    0, 1, 6, 7, 8, 9, 10, 11, 12, 13, 14, 15, 16, 17, 18, 19,
    20, 21, 22, 23, 24, 25, 26, 27, 28, 29, 30, 31, 32, 33, 34, 35,
    36, 84, 91, 103, 107, 118, 122, 129, 130, 132, 202, 214, 216, 218, 220, 222,
    224, 226, 228, 230, 232, 233, 234, 240,
];

pub(super) static DECOMPS: [u8; 19426] = [
    0x00, 0x41, 0x20, 0x41, 0x21, 0x41, 0x22, 0x41, 0x23, 0x41, 0x24, 0x41, 0x25, 0x41, 0x26, 0x41,
    0x27, 0x41, 0x28, 0x41, 0x29, 0x41, 0x2A, 0x41, 0x2B, 0x41, 0x2C, 0x41, 0x2D, 0x41, 0x2E, 0x41,
    0x2F, 0x41, 0x30, 0x41, 0x31, 0x41, 0x32, 0x41, 0x33, 0x41, 0x34, 0x41, 0x35, 0x41, 0x36, 0x41,
    0x37, 0x41, 0x38, 0x41, 0x39, 0x41, 0x3A, 0x41, 0x3B, 0x41, 0x3C, 0x41, 0x3D, 0x41, 0x3E, 0x41,
    0x3F, 0x41, 0x40, 0x41, 0x41, 0x41, 0x42, 0x41, 0x43, 0x41, 0x44, 0x41, 0x45, 0x41, 0x46, 0x41,
    0x47, 0x41, 0x48, 0x41, 0x49, 0x41, 0x4A, 0x41, 0x4B, 0x41, 0x4C, 0x41, 0x4D, 0x41, 0x4E, 0x41,
    0x4F, 0x41, 0x50, 0x41, 0x51, 0x41, 0x52, 0x41, 0x53, 0x41, 0x54, 0x41, 0x55, 0x41, 0x56, 0x41,
    0x57, 0x41, 0x58, 0x41, 0x59, 0x41, 0x5A, 0x41, 0x5B, 0x41, 0x5C, 0x41, 0x5D, 0x41, 0x5E, 0x41,
    0x5F, 0x41, 0x60, 0x41, 0x61, 0x41, 0x62, 0x41, 0x63, 0x41, 0x64, 0x41, 0x65, 0x41, 0x66, 0x41,
    0x67, 0x41, 0x68, 0x41, 0x69, 0x41, 0x6A, 0x41, 0x6B, 0x41, 0x6C, 0x41, 0x6D, 0x41, 0x6E, 0x41,
    0x6F, 0x41, 0x70, 0x41, 0x71, 0x41, 0x72, 0x41, 0x73, 0x41, 0x74, 0x41, 0x75, 0x41, 0x76, 0x41,
    0x77, 0x41, 0x78, 0x41, 0x79, 0x41, 0x7A, 0x41, 0x7B, 0x41, 0x7C, 0x41, 0x7D, 0x41, 0x7E, 0x42,
    0xC2, 0xA2, 0x42, 0xC2, 0xA3, 0x42, 0xC2, 0xA5, 0x42, 0xC2, 0xA6, 0x42, 0xC2, 0xAC, 0x42, 0xC2,
    0xB7, 0x42, 0xC3, 0x86, 0x42, 0xC3, 0xA6, 0x42, 0xC3, 0xB0, 0x42, 0xC3, 0xB8, 0x42, 0xC4, 0xA6,
    0x42, 0xC4, 0xA7, 0x42, 0xC4, 0xB1, 0x42, 0xC5, 0x8B, 0x42, 0xC5, 0x93, 0x42, 0xC6, 0x8E, 0x42,
    0xC6, 0x90, 0x42, 0xC6, 0xAB, 0x42, 0xC7, 0x80, 0x42, 0xC7, 0x81, 0x42, 0xC7, 0x82, 0x42, 0xC8,
    0xA2, 0x42, 0xC8, 0xB7, 0x42, 0xC9, 0x90, 0x42, 0xC9, 0x91, 0x42, 0xC9, 0x92, 0x42, 0xC9, 0x93,
    0x42, 0xC9, 0x94, 0x42, 0xC9, 0x95, 0x42, 0xC9, 0x96, 0x42, 0xC9, 0x97, 0x42, 0xC9, 0x98, 0x42,
    0xC9, 0x99, 0x42, 0xC9, 0x9B, 0x42, 0xC9, 0x9C, 0x42, 0xC9, 0x9E, 0x42, 0xC9, 0x9F, 0x42, 0xC9,
    0xA0, 0x42, 0xC9, 0xA1, 0x42, 0xC9, 0xA2, 0x42, 0xC9, 0xA3, 0x42, 0xC9, 0xA4, 0x42, 0xC9, 0xA5,
    0x42, 0xC9, 0xA6, 0x42, 0xC9, 0xA7, 0x42, 0xC9, 0xA8, 0x42, 0xC9, 0xA9, 0x42, 0xC9, 0xAA, 0x42,
    0xC9, 0xAB, 0x42, 0xC9, 0xAC, 0x42, 0xC9, 0xAD, 0x42, 0xC9, 0xAE, 0x42, 0xC9, 0xAF, 0x42, 0xC9,
    0xB0, 0x42, 0xC9, 0xB1, 0x42, 0xC9, 0xB2, 0x42, 0xC9, 0xB3, 0x42, 0xC9, 0xB4, 0x42, 0xC9, 0xB5,
    0x42, 0xC9, 0xB6, 0x42, 0xC9, 0xB7, 0x42, 0xC9, 0xB8, 0x42, 0xC9, 0xB9, 0x42, 0xC9, 0xBA, 0x42,
    0xC9, 0xBB, 0x42, 0xC9, 0xBD, 0x42, 0xC9, 0xBE, 0x42, 0xCA, 0x80, 0x42, 0xCA, 0x81, 0x42, 0xCA,
    0x82, 0x42, 0xCA, 0x83, 0x42, 0xCA, 0x84, 0x42, 0xCA, 0x88, 0x42, 0xCA, 0x89, 0x42, 0xCA, 0x8A,
    0x42, 0xCA, 0x8B, 0x42, 0xCA, 0x8C, 0x42, 0xCA, 0x8D, 0x42, 0xCA, 0x8E, 0x42, 0xCA, 0x8F, 0x42,
    0xCA, 0x90, 0x42, 0xCA, 0x91, 0x42, 0xCA, 0x92, 0x42, 0xCA, 0x95, 0x42, 0xCA, 0x98, 0x42, 0xCA,
    0x99, 0x42, 0xCA, 0x9B, 0x42, 0xCA, 0x9C, 0x42, 0xCA, 0x9D, 0x42, 0xCA, 0x9F, 0x42, 0xCA, 0xA1,
    0x42, 0xCA, 0xA2, 0x42, 0xCA, 0xA3, 0x42, 0xCA, 0xA4, 0x42, 0xCA, 0xA5, 0x42, 0xCA, 0xA6, 0x42,
    0xCA, 0xA7, 0x42, 0xCA, 0xA8, 0x42, 0xCA, 0xA9, 0x42, 0xCA, 0xAA, 0x42, 0xCA, 0xAB, 0x42, 0xCA,
    0xB9, 0x42, 0xCB, 0x90, 0x42, 0xCB, 0x91, 0x42, 0xCE, 0x91, 0x42, 0xCE, 0x92, 0x42, 0xCE, 0x93,
    0x42, 0xCE, 0x94, 0x42, 0xCE, 0x95, 0x42, 0xCE, 0x96, 0x42, 0xCE, 0x97, 0x42, 0xCE, 0x98, 0x42,
    0xCE, 0x99, 0x42, 0xCE, 0x9A, 0x42, 0xCE, 0x9B, 0x42, 0xCE, 0x9C, 0x42, 0xCE, 0x9D, 0x42, 0xCE,
    0x9E, 0x42, 0xCE, 0x9F, 0x42, 0xCE, 0xA0, 0x42, 0xCE, 0xA1, 0x42, 0xCE, 0xA3, 0x42, 0xCE, 0xA4,
    0x42, 0xCE, 0xA5, 0x42, 0xCE, 0xA6, 0x42, 0xCE, 0xA7, 0x42, 0xCE, 0xA8, 0x42, 0xCE, 0xA9, 0x42,
    0xCE, 0xB1, 0x42, 0xCE, 0xB2, 0x42, 0xCE, 0xB3, 0x42, 0xCE, 0xB4, 0x42, 0xCE, 0xB5, 0x42, 0xCE,
    0xB6, 0x42, 0xCE, 0xB7, 0x42, 0xCE, 0xB8, 0x42, 0xCE, 0xB9, 0x42, 0xCE, 0xBA, 0x42, 0xCE, 0xBB,
    0x42, 0xCE, 0xBC, 0x42, 0xCE, 0xBD, 0x42, 0xCE, 0xBE, 0x42, 0xCE, 0xBF, 0x42, 0xCF, 0x80, 0x42,
    0xCF, 0x81, 0x42, 0xCF, 0x82, 0x42, 0xCF, 0x83, 0x42, 0xCF, 0x84, 0x42, 0xCF, 0x85, 0x42, 0xCF,
    0x86, 0x42, 0xCF, 0x87, 0x42, 0xCF, 0x88, 0x42, 0xCF, 0x89, 0x42, 0xCF, 0x9C, 0x42, 0xCF, 0x9D,
    0x42, 0xD0, 0xB0, 0x42, 0xD0, 0xB1, 0x42, 0xD0, 0xB2, 0x42, 0xD0, 0xB3, 0x42, 0xD0, 0xB4, 0x42,
    0xD0, 0xB5, 0x42, 0xD0, 0xB6, 0x42, 0xD0, 0xB7, 0x42, 0xD0, 0xB8, 0x42, 0xD0, 0xBA, 0x42, 0xD0,
    0xBB, 0x42, 0xD0, 0xBC, 0x42, 0xD0, 0xBD, 0x42, 0xD0, 0xBE, 0x42, 0xD0, 0xBF, 0x42, 0xD1, 0x80,
    0x42, 0xD1, 0x81, 0x42, 0xD1, 0x82, 0x42, 0xD1, 0x83, 0x42, 0xD1, 0x84, 0x42, 0xD1, 0x85, 0x42,
    0xD1, 0x86, 0x42, 0xD1, 0x87, 0x42, 0xD1, 0x88, 0x42, 0xD1, 0x8A, 0x42, 0xD1, 0x8B, 0x42, 0xD1,
    0x8C, 0x42, 0xD1, 0x8D, 0x42, 0xD1, 0x8E, 0x42, 0xD1, 0x95, 0x42, 0xD1, 0x96, 0x42, 0xD1, 0x98,
    0x42, 0xD1, 0x9F, 0x42, 0xD2, 0x91, 0x42, 0xD2, 0xAB, 0x42, 0xD2, 0xAF, 0x42, 0xD2, 0xB1, 0x42,
    0xD3, 0x8F, 0x42, 0xD3, 0x99, 0x42, 0xD3, 0xA9, 0x42, 0xD7, 0x90, 0x42, 0xD7, 0x91, 0x42, 0xD7,
    0x92, 0x42, 0xD7, 0x93, 0x42, 0xD7, 0x94, 0x42, 0xD7, 0x9B, 0x42, 0xD7, 0x9C, 0x42, 0xD7, 0x9D,
    0x42, 0xD7, 0xA2, 0x42, 0xD7, 0xA8, 0x42, 0xD7, 0xAA, 0x42, 0xD8, 0xA1, 0x42, 0xD8, 0xA7, 0x42,
    0xD8, 0xA8, 0x42, 0xD8, 0xA9, 0x42, 0xD8, 0xAA, 0x42, 0xD8, 0xAB, 0x42, 0xD8, 0xAC, 0x42, 0xD8,
    0xAD, 0x42, 0xD8, 0xAE, 0x42, 0xD8, 0xAF, 0x42, 0xD8, 0xB0, 0x42, 0xD8, 0xB1, 0x42, 0xD8, 0xB2,
    0x42, 0xD8, 0xB3, 0x42, 0xD8, 0xB4, 0x42, 0xD8, 0xB5, 0x42, 0xD8, 0xB6, 0x42, 0xD8, 0xB7, 0x42,
    0xD8, 0xB8, 0x42, 0xD8, 0xB9, 0x42, 0xD8, 0xBA, 0x42, 0xD9, 0x81, 0x42, 0xD9, 0x82, 0x42, 0xD9,
    0x83, 0x42, 0xD9, 0x84, 0x42, 0xD9, 0x85, 0x42, 0xD9, 0x86, 0x42, 0xD9, 0x87, 0x42, 0xD9, 0x88,
    0x42, 0xD9, 0x89, 0x42, 0xD9, 0x8A, 0x42, 0xD9, 0xAE, 0x42, 0xD9, 0xAF, 0x42, 0xD9, 0xB1, 0x42,
    0xD9, 0xB9, 0x42, 0xD9, 0xBA, 0x42, 0xD9, 0xBB, 0x42, 0xD9, 0xBE, 0x42, 0xD9, 0xBF, 0x42, 0xDA,
    0x80, 0x42, 0xDA, 0x83, 0x42, 0xDA, 0x84, 0x42, 0xDA, 0x86, 0x42, 0xDA, 0x87, 0x42, 0xDA, 0x88,
    0x42, 0xDA, 0x8C, 0x42, 0xDA, 0x8D, 0x42, 0xDA, 0x8E, 0x42, 0xDA, 0x91, 0x42, 0xDA, 0x98, 0x42,
    0xDA, 0xA1, 0x42, 0xDA, 0xA4, 0x42, 0xDA, 0xA6, 0x42, 0xDA, 0xA9, 0x42, 0xDA, 0xAD, 0x42, 0xDA,
    0xAF, 0x42, 0xDA, 0xB1, 0x42, 0xDA, 0xB3, 0x42, 0xDA, 0xBA, 0x42, 0xDA, 0xBB, 0x42, 0xDA, 0xBE,
    0x42, 0xDB, 0x81, 0x42, 0xDB, 0x85, 0x42, 0xDB, 0x86, 0x42, 0xDB, 0x87, 0x42, 0xDB, 0x88, 0x42,
    0xDB, 0x89, 0x42, 0xDB, 0x8B, 0x42, 0xDB, 0x8C, 0x42, 0xDB, 0x90, 0x42, 0xDB, 0x92, 0x43, 0xE0,
    0xBC, 0x8B, 0x43, 0xE1, 0x83, 0x9C, 0x43, 0xE1, 0x84, 0x80, 0x43, 0xE1, 0x84, 0x81, 0x43, 0xE1,
    0x84, 0x82, 0x43, 0xE1, 0x84, 0x83, 0x43, 0xE1, 0x84, 0x84, 0x43, 0xE1, 0x84, 0x85, 0x43, 0xE1,
    0x84, 0x86, 0x43, 0xE1, 0x84, 0x87, 0x43, 0xE1, 0x84, 0x88, 0x43, 0xE1, 0x84, 0x89, 0x43, 0xE1,
    0x84, 0x8A, 0x43, 0xE1, 0x84, 0x8B, 0x43, 0xE1, 0x84, 0x8C, 0x43, 0xE1, 0x84, 0x8D, 0x43, 0xE1,
    0x84, 0x8E, 0x43, 0xE1, 0x84, 0x8F, 0x43, 0xE1, 0x84, 0x90, 0x43, 0xE1, 0x84, 0x91, 0x43, 0xE1,
    0x84, 0x92, 0x43, 0xE1, 0x84, 0x94, 0x43, 0xE1, 0x84, 0x95, 0x43, 0xE1, 0x84, 0x9A, 0x43, 0xE1,
    0x84, 0x9C, 0x43, 0xE1, 0x84, 0x9D, 0x43, 0xE1, 0x84, 0x9E, 0x43, 0xE1, 0x84, 0xA0, 0x43, 0xE1,
    0x84, 0xA1, 0x43, 0xE1, 0x84, 0xA2, 0x43, 0xE1, 0x84, 0xA3, 0x43, 0xE1, 0x84, 0xA7, 0x43, 0xE1,
    0x84, 0xA9, 0x43, 0xE1, 0x84, 0xAB, 0x43, 0xE1, 0x84, 0xAC, 0x43, 0xE1, 0x84, 0xAD, 0x43, 0xE1,
    0x84, 0xAE, 0x43, 0xE1, 0x84, 0xAF, 0x43, 0xE1, 0x84, 0xB2, 0x43, 0xE1, 0x84, 0xB6, 0x43, 0xE1,
    0x85, 0x80, 0x43, 0xE1, 0x85, 0x87, 0x43, 0xE1, 0x85, 0x8C, 0x43, 0xE1, 0x85, 0x97, 0x43, 0xE1,
    0x85, 0x98, 0x43, 0xE1, 0x85, 0x99, 0x43, 0xE1, 0x85, 0xA0, 0x43, 0xE1, 0x86, 0x84, 0x43, 0xE1,
    0x86, 0x85, 0x43, 0xE1, 0x86, 0x88, 0x43, 0xE1, 0x86, 0x91, 0x43, 0xE1, 0x86, 0x92, 0x43, 0xE1,
    0x86, 0x94, 0x43, 0xE1, 0x86, 0x9E, 0x43, 0xE1, 0x86, 0xA1, 0x43, 0xE1, 0x87, 0x87, 0x43, 0xE1,
    0x87, 0x88, 0x43, 0xE1, 0x87, 0x8C, 0x43, 0xE1, 0x87, 0x8E, 0x43, 0xE1, 0x87, 0x93, 0x43, 0xE1,
    0x87, 0x97, 0x43, 0xE1, 0x87, 0x99, 0x43, 0xE1, 0x87, 0x9D, 0x43, 0xE1, 0x87, 0x9F, 0x43, 0xE1,
    0x87, 0xB1, 0x43, 0xE1, 0x87, 0xB2, 0x43, 0xE1, 0xB4, 0x82, 0x43, 0xE1, 0xB4, 0x96, 0x43, 0xE1,
    0xB4, 0x97, 0x43, 0xE1, 0xB4, 0x9C, 0x43, 0xE1, 0xB4, 0x9D, 0x43, 0xE1, 0xB4, 0xA5, 0x43, 0xE1,
    0xB5, 0xBB, 0x43, 0xE1, 0xB6, 0x85, 0x43, 0xE1, 0xB6, 0x91, 0x43, 0xE2, 0x80, 0x82, 0x43, 0xE2,
    0x80, 0x83, 0x43, 0xE2, 0x80, 0x90, 0x43, 0xE2, 0x80, 0x93, 0x43, 0xE2, 0x80, 0x94, 0x43, 0xE2,
    0x82, 0xA9, 0x43, 0xE2, 0x86, 0x90, 0x43, 0xE2, 0x86, 0x91, 0x43, 0xE2, 0x86, 0x92, 0x43, 0xE2,
    0x86, 0x93, 0x43, 0xE2, 0x88, 0x82, 0x43, 0xE2, 0x88, 0x87, 0x43, 0xE2, 0x88, 0x91, 0x43, 0xE2,
    0x88, 0x92, 0x43, 0xE2, 0x94, 0x82, 0x43, 0xE2, 0x96, 0xA0, 0x43, 0xE2, 0x97, 0x8B, 0x43, 0xE2,
    0xA6, 0x85, 0x43, 0xE2, 0xA6, 0x86, 0x43, 0xE2, 0xB1, 0xB1, 0x43, 0xE2, 0xB5, 0xA1, 0x43, 0xE3,
    0x80, 0x81, 0x43, 0xE3, 0x80, 0x82, 0x43, 0xE3, 0x80, 0x88, 0x43, 0xE3, 0x80, 0x89, 0x43, 0xE3,
    0x80, 0x8A, 0x43, 0xE3, 0x80, 0x8B, 0x43, 0xE3, 0x80, 0x8C, 0x43, 0xE3, 0x80, 0x8D, 0x43, 0xE3,
    0x80, 0x8E, 0x43, 0xE3, 0x80, 0x8F, 0x43, 0xE3, 0x80, 0x90, 0x43, 0xE3, 0x80, 0x91, 0x43, 0xE3,
    0x80, 0x92, 0x43, 0xE3, 0x80, 0x94, 0x43, 0xE3, 0x80, 0x95, 0x43, 0xE3, 0x80, 0x96, 0x43, 0xE3,
    0x80, 0x97, 0x43, 0xE3, 0x82, 0xA1, 0x43, 0xE3, 0x82, 0xA2, 0x43, 0xE3, 0x82, 0xA3, 0x43, 0xE3,
    0x82, 0xA4, 0x43, 0xE3, 0x82, 0xA5, 0x43, 0xE3, 0x82, 0xA6, 0x43, 0xE3, 0x82, 0xA7, 0x43, 0xE3,
    0x82, 0xA8, 0x43, 0xE3, 0x82, 0xA9, 0x43, 0xE3, 0x82, 0xAA, 0x43, 0xE3, 0x82, 0xAB, 0x43, 0xE3,
    0x82, 0xAD, 0x43, 0xE3, 0x82, 0xAF, 0x43, 0xE3, 0x82, 0xB1, 0x43, 0xE3, 0x82, 0xB3, 0x43, 0xE3,
    0x82, 0xB5, 0x43, 0xE3, 0x82, 0xB7, 0x43, 0xE3, 0x82, 0xB9, 0x43, 0xE3, 0x82, 0xBB, 0x43, 0xE3,
    0x82, 0xBD, 0x43, 0xE3, 0x82, 0xBF, 0x43, 0xE3, 0x83, 0x81, 0x43, 0xE3, 0x83, 0x83, 0x43, 0xE3,
    0x83, 0x84, 0x43, 0xE3, 0x83, 0x86, 0x43, 0xE3, 0x83, 0x88, 0x43, 0xE3, 0x83, 0x8A, 0x43, 0xE3,
    0x83, 0x8B, 0x43, 0xE3, 0x83, 0x8C, 0x43, 0xE3, 0x83, 0x8D, 0x43, 0xE3, 0x83, 0x8E, 0x43, 0xE3,
    0x83, 0x8F, 0x43, 0xE3, 0x83, 0x92, 0x43, 0xE3, 0x83, 0x95, 0x43, 0xE3, 0x83, 0x98, 0x43, 0xE3,
    0x83, 0x9B, 0x43, 0xE3, 0x83, 0x9E, 0x43, 0xE3, 0x83, 0x9F, 0x43, 0xE3, 0x83, 0xA0, 0x43, 0xE3,
    0x83, 0xA1, 0x43, 0xE3, 0x83, 0xA2, 0x43, 0xE3, 0x83, 0xA3, 0x43, 0xE3, 0x83, 0xA4, 0x43, 0xE3,
    0x83, 0xA5, 0x43, 0xE3, 0x83, 0xA6, 0x43, 0xE3, 0x83, 0xA7, 0x43, 0xE3, 0x83, 0xA8, 0x43, 0xE3,
    0x83, 0xA9, 0x43, 0xE3, 0x83, 0xAA, 0x43, 0xE3, 0x83, 0xAB, 0x43, 0xE3, 0x83, 0xAC, 0x43, 0xE3,
    0x83, 0xAD, 0x43, 0xE3, 0x83, 0xAF, 0x43, 0xE3, 0x83, 0xB0, 0x43, 0xE3, 0x83, 0xB1, 0x43, 0xE3,
    0x83, 0xB2, 0x43, 0xE3, 0x83, 0xB3, 0x43, 0xE3, 0x83, 0xBB, 0x43, 0xE3, 0x83, 0xBC, 0x43, 0xE3,
    0x92, 0x9E, 0x43, 0xE3, 0x92, 0xB9, 0x43, 0xE3, 0x92, 0xBB, 0x43, 0xE3, 0x93, 0x9F, 0x43, 0xE3,
    0x94, 0x95, 0x43, 0xE3, 0x9B, 0xAE, 0x43, 0xE3, 0x9B, 0xBC, 0x43, 0xE3, 0x9E, 0x81, 0x43, 0xE3,
    0xA0, 0xAF, 0x43, 0xE3, 0xA1, 0xA2, 0x43, 0xE3, 0xA1, 0xBC, 0x43, 0xE3, 0xA3, 0x87, 0x43, 0xE3,
    0xA3, 0xA3, 0x43, 0xE3, 0xA4, 0x9C, 0x43, 0xE3, 0xA4, 0xBA, 0x43, 0xE3, 0xA8, 0xAE, 0x43, 0xE3,
    0xA9, 0xAC, 0x43, 0xE3, 0xAB, 0xA4, 0x43, 0xE3, 0xAC, 0x88, 0x43, 0xE3, 0xAC, 0x99, 0x43, 0xE3,
    0xAD, 0x89, 0x43, 0xE3, 0xAE, 0x9D, 0x43, 0xE3, 0xB0, 0x98, 0x43, 0xE3, 0xB1, 0x8E, 0x43, 0xE3,
    0xB4, 0xB3, 0x43, 0xE3, 0xB6, 0x96, 0x43, 0xE3, 0xBA, 0xAC, 0x43, 0xE3, 0xBA, 0xB8, 0x43, 0xE3,
    0xBC, 0x9B, 0x43, 0xE3, 0xBF, 0xBC, 0x43, 0xE4, 0x80, 0x88, 0x43, 0xE4, 0x80, 0x98, 0x43, 0xE4,
    0x80, 0xB9, 0x43, 0xE4, 0x81, 0x86, 0x43, 0xE4, 0x82, 0x96, 0x43, 0xE4, 0x83, 0xA3, 0x43, 0xE4,
    0x84, 0xAF, 0x43, 0xE4, 0x88, 0x82, 0x43, 0xE4, 0x88, 0xA7, 0x43, 0xE4, 0x8A, 0xA0, 0x43, 0xE4,
    0x8C, 0x81, 0x43, 0xE4, 0x8C, 0xB4, 0x43, 0xE4, 0x8D, 0x99, 0x43, 0xE4, 0x8F, 0x95, 0x43, 0xE4,
    0x8F, 0x99, 0x43, 0xE4, 0x90, 0x8B, 0x43, 0xE4, 0x91, 0xAB, 0x43, 0xE4, 0x94, 0xAB, 0x43, 0xE4,
    0x95, 0x9D, 0x43, 0xE4, 0x95, 0xA1, 0x43, 0xE4, 0x95, 0xAB, 0x43, 0xE4, 0x97, 0x97, 0x43, 0xE4,
    0x97, 0xB9, 0x43, 0xE4, 0x98, 0xB5, 0x43, 0xE4, 0x9A, 0xBE, 0x43, 0xE4, 0x9B, 0x87, 0x43, 0xE4,
    0xA6, 0x95, 0x43, 0xE4, 0xA7, 0xA6, 0x43, 0xE4, 0xA9, 0xAE, 0x43, 0xE4, 0xA9, 0xB6, 0x43, 0xE4,
    0xAA, 0xB2, 0x43, 0xE4, 0xAC, 0xB3, 0x43, 0xE4, 0xAF, 0x8E, 0x43, 0xE4, 0xB3, 0x8E, 0x43, 0xE4,
    0xB3, 0xAD, 0x43, 0xE4, 0xB3, 0xB8, 0x43, 0xE4, 0xB5, 0x96, 0x43, 0xE4, 0xB8, 0x80, 0x43, 0xE4,
    0xB8, 0x81, 0x43, 0xE4, 0xB8, 0x83, 0x43, 0xE4, 0xB8, 0x89, 0x43, 0xE4, 0xB8, 0x8A, 0x43, 0xE4,
    0xB8, 0x8B, 0x43, 0xE4, 0xB8, 0x8D, 0x43, 0xE4, 0xB8, 0x99, 0x43, 0xE4, 0xB8, 0xA6, 0x43, 0xE4,
    0xB8, 0xA8, 0x43, 0xE4, 0xB8, 0xAD, 0x43, 0xE4, 0xB8, 0xB2, 0x43, 0xE4, 0xB8, 0xB6, 0x43, 0xE4,
    0xB8, 0xB8, 0x43, 0xE4, 0xB8, 0xB9, 0x43, 0xE4, 0xB8, 0xBD, 0x43, 0xE4, 0xB8, 0xBF, 0x43, 0xE4,
    0xB9, 0x81, 0x43, 0xE4, 0xB9, 0x99, 0x43, 0xE4, 0xB9, 0x9D, 0x43, 0xE4, 0xBA, 0x82, 0x43, 0xE4,
    0xBA, 0x85, 0x43, 0xE4, 0xBA, 0x86, 0x43, 0xE4, 0xBA, 0x8C, 0x43, 0xE4, 0xBA, 0x94, 0x43, 0xE4,
    0xBA, 0xA0, 0x43, 0xE4, 0xBA, 0xA4, 0x43, 0xE4, 0xBA, 0xAE, 0x43, 0xE4, 0xBA, 0xBA, 0x43, 0xE4,
    0xBB, 0x80, 0x43, 0xE4, 0xBB, 0x8C, 0x43, 0xE4, 0xBB, 0xA4, 0x43, 0xE4, 0xBC, 0x81, 0x43, 0xE4,
    0xBC, 0x91, 0x43, 0xE4, 0xBD, 0xA0, 0x43, 0xE4, 0xBE, 0x80, 0x43, 0xE4, 0xBE, 0x86, 0x43, 0xE4,
    0xBE, 0x8B, 0x43, 0xE4, 0xBE, 0xAE, 0x43, 0xE4, 0xBE, 0xBB, 0x43, 0xE4, 0xBE, 0xBF, 0x43, 0xE5,
    0x80, 0x82, 0x43, 0xE5, 0x80, 0xAB, 0x43, 0xE5, 0x81, 0xBA, 0x43, 0xE5, 0x82, 0x99, 0x43, 0xE5,
    0x83, 0x8F, 0x43, 0xE5, 0x83, 0x9A, 0x43, 0xE5, 0x83, 0xA7, 0x43, 0xE5, 0x84, 0xAA, 0x43, 0xE5,
    0x84, 0xBF, 0x43, 0xE5, 0x85, 0x80, 0x43, 0xE5, 0x85, 0x85, 0x43, 0xE5, 0x85, 0x8D, 0x43, 0xE5,
    0x85, 0x94, 0x43, 0xE5, 0x85, 0xA4, 0x43, 0xE5, 0x85, 0xA5, 0x43, 0xE5, 0x85, 0xA7, 0x43, 0xE5,
    0x85, 0xA8, 0x43, 0xE5, 0x85, 0xA9, 0x43, 0xE5, 0x85, 0xAB, 0x43, 0xE5, 0x85, 0xAD, 0x43, 0xE5,
    0x85, 0xB7, 0x43, 0xE5, 0x86, 0x80, 0x43, 0xE5, 0x86, 0x82, 0x43, 0xE5, 0x86, 0x8D, 0x43, 0xE5,
    0x86, 0x92, 0x43, 0xE5, 0x86, 0x95, 0x43, 0xE5, 0x86, 0x96, 0x43, 0xE5, 0x86, 0x97, 0x43, 0xE5,
    0x86, 0x99, 0x43, 0xE5, 0x86, 0xA4, 0x43, 0xE5, 0x86, 0xAB, 0x43, 0xE5, 0x86, 0xAC, 0x43, 0xE5,
    0x86, 0xB5, 0x43, 0xE5, 0x86, 0xB7, 0x43, 0xE5, 0x87, 0x89, 0x43, 0xE5, 0x87, 0x8C, 0x43, 0xE5,
    0x87, 0x9C, 0x43, 0xE5, 0x87, 0x9E, 0x43, 0xE5, 0x87, 0xA0, 0x43, 0xE5, 0x87, 0xB5, 0x43, 0xE5,
    0x88, 0x80, 0x43, 0xE5, 0x88, 0x83, 0x43, 0xE5, 0x88, 0x87, 0x43, 0xE5, 0x88, 0x97, 0x43, 0xE5,
    0x88, 0x9D, 0x43, 0xE5, 0x88, 0xA9, 0x43, 0xE5, 0x88, 0xBA, 0x43, 0xE5, 0x88, 0xBB, 0x43, 0xE5,
    0x89, 0x86, 0x43, 0xE5, 0x89, 0x8D, 0x43, 0xE5, 0x89, 0xB2, 0x43, 0xE5, 0x89, 0xB7, 0x43, 0xE5,
    0x8A, 0x89, 0x43, 0xE5, 0x8A, 0x9B, 0x43, 0xE5, 0x8A, 0xA3, 0x43, 0xE5, 0x8A, 0xB3, 0x43, 0xE5,
    0x8A, 0xB4, 0x43, 0xE5, 0x8B, 0x87, 0x43, 0xE5, 0x8B, 0x89, 0x43, 0xE5, 0x8B, 0x92, 0x43, 0xE5,
    0x8B, 0x9E, 0x43, 0xE5, 0x8B, 0xA4, 0x43, 0xE5, 0x8B, 0xB5, 0x43, 0xE5, 0x8B, 0xB9, 0x43, 0xE5,
    0x8B, 0xBA, 0x43, 0xE5, 0x8C, 0x85, 0x43, 0xE5, 0x8C, 0x86, 0x43, 0xE5, 0x8C, 0x95, 0x43, 0xE5,
    0x8C, 0x97, 0x43, 0xE5, 0x8C, 0x9A, 0x43, 0xE5, 0x8C, 0xB8, 0x43, 0xE5, 0x8C, 0xBB, 0x43, 0xE5,
    0x8C, 0xBF, 0x43, 0xE5, 0x8D, 0x81, 0x43, 0xE5, 0x8D, 0x84, 0x43, 0xE5, 0x8D, 0x85, 0x43, 0xE5,
    0x8D, 0x89, 0x43, 0xE5, 0x8D, 0x91, 0x43, 0xE5, 0x8D, 0x94, 0x43, 0xE5, 0x8D, 0x9A, 0x43, 0xE5,
    0x8D, 0x9C, 0x43, 0xE5, 0x8D, 0xA9, 0x43, 0xE5, 0x8D, 0xB0, 0x43, 0xE5, 0x8D, 0xB3, 0x43, 0xE5,
    0x8D, 0xB5, 0x43, 0xE5, 0x8D, 0xBD, 0x43, 0xE5, 0x8D, 0xBF, 0x43, 0xE5, 0x8E, 0x82, 0x43, 0xE5,
    0x8E, 0xB6, 0x43, 0xE5, 0x8F, 0x83, 0x43, 0xE5, 0x8F, 0x88, 0x43, 0xE5, 0x8F, 0x8A, 0x43, 0xE5,
    0x8F, 0x8C, 0x43, 0xE5, 0x8F, 0x9F, 0x43, 0xE5, 0x8F, 0xA3, 0x43, 0xE5, 0x8F, 0xA5, 0x43, 0xE5,
    0x8F, 0xAB, 0x43, 0xE5, 0x8F, 0xAF, 0x43, 0xE5, 0x8F, 0xB1, 0x43, 0xE5, 0x8F, 0xB3, 0x43, 0xE5,
    0x90, 0x86, 0x43, 0xE5, 0x90, 0x88, 0x43, 0xE5, 0x90, 0x8D, 0x43, 0xE5, 0x90, 0x8F, 0x43, 0xE5,
    0x90, 0x9D, 0x43, 0xE5, 0x90, 0xB8, 0x43, 0xE5, 0x90, 0xB9, 0x43, 0xE5, 0x91, 0x82, 0x43, 0xE5,
    0x91, 0x88, 0x43, 0xE5, 0x91, 0xA8, 0x43, 0xE5, 0x92, 0x9E, 0x43, 0xE5, 0x92, 0xA2, 0x43, 0xE5,
    0x92, 0xBD, 0x43, 0xE5, 0x93, 0xB6, 0x43, 0xE5, 0x94, 0x90, 0x43, 0xE5, 0x95, 0x8F, 0x43, 0xE5,
    0x95, 0x93, 0x43, 0xE5, 0x95, 0x95, 0x43, 0xE5, 0x95, 0xA3, 0x43, 0xE5, 0x96, 0x84, 0x43, 0xE5,
    0x96, 0x87, 0x43, 0xE5, 0x96, 0x99, 0x43, 0xE5, 0x96, 0x9D, 0x43, 0xE5, 0x96, 0xAB, 0x43, 0xE5,
    0x96, 0xB3, 0x43, 0xE5, 0x96, 0xB6, 0x43, 0xE5, 0x97, 0x80, 0x43, 0xE5, 0x97, 0x82, 0x43, 0xE5,
    0x97, 0xA2, 0x43, 0xE5, 0x98, 0x86, 0x43, 0xE5, 0x99, 0x91, 0x43, 0xE5, 0x99, 0xA8, 0x43, 0xE5,
    0x99, 0xB4, 0x43, 0xE5, 0x9B, 0x97, 0x43, 0xE5, 0x9B, 0x9B, 0x43, 0xE5, 0x9B, 0xB9, 0x43, 0xE5,
    0x9C, 0x96, 0x43, 0xE5, 0x9C, 0x97, 0x43, 0xE5, 0x9C, 0x9F, 0x43, 0xE5, 0x9C, 0xB0, 0x43, 0xE5,
    0x9E, 0x8B, 0x43, 0xE5, 0x9F, 0x8E, 0x43, 0xE5, 0x9F, 0xB4, 0x43, 0xE5, 0xA0, 0x8D, 0x43, 0xE5,
    0xA0, 0xB1, 0x43, 0xE5, 0xA0, 0xB2, 0x43, 0xE5, 0xA1, 0x80, 0x43, 0xE5, 0xA1, 0x9A, 0x43, 0xE5,
    0xA1, 0x9E, 0x43, 0xE5, 0xA2, 0xA8, 0x43, 0xE5, 0xA2, 0xAC, 0x43, 0xE5, 0xA2, 0xB3, 0x43, 0xE5,
    0xA3, 0x98, 0x43, 0xE5, 0xA3, 0x9F, 0x43, 0xE5, 0xA3, 0xAB, 0x43, 0xE5, 0xA3, 0xAE, 0x43, 0xE5,
    0xA3, 0xB0, 0x43, 0xE5, 0xA3, 0xB2, 0x43, 0xE5, 0xA3, 0xB7, 0x43, 0xE5, 0xA4, 0x82, 0x43, 0xE5,
    0xA4, 0x86, 0x43, 0xE5, 0xA4, 0x8A, 0x43, 0xE5, 0xA4, 0x95, 0x43, 0xE5, 0xA4, 0x9A, 0x43, 0xE5,
    0xA4, 0x9C, 0x43, 0xE5, 0xA4, 0xA2, 0x43, 0xE5, 0xA4, 0xA7, 0x43, 0xE5, 0xA4, 0xA9, 0x43, 0xE5,
    0xA5, 0x84, 0x43, 0xE5, 0xA5, 0x88, 0x43, 0xE5, 0xA5, 0x91, 0x43, 0xE5, 0xA5, 0x94, 0x43, 0xE5,
    0xA5, 0xA2, 0x43, 0xE5, 0xA5, 0xB3, 0x43, 0xE5, 0xA7, 0x98, 0x43, 0xE5, 0xA7, 0xAC, 0x43, 0xE5,
    0xA8, 0x9B, 0x43, 0xE5, 0xA8, 0xA7, 0x43, 0xE5, 0xA9, 0xA2, 0x43, 0xE5, 0xA9, 0xA6, 0x43, 0xE5,
    0xAA, 0xB5, 0x43, 0xE5, 0xAC, 0x88, 0x43, 0xE5, 0xAC, 0xA8, 0x43, 0xE5, 0xAC, 0xBE, 0x43, 0xE5,
    0xAD, 0x90, 0x43, 0xE5, 0xAD, 0x97, 0x43, 0xE5, 0xAD, 0xA6, 0x43, 0xE5, 0xAE, 0x80, 0x43, 0xE5,
    0xAE, 0x85, 0x43, 0xE5, 0xAE, 0x97, 0x43, 0xE5, 0xAF, 0x83, 0x43, 0xE5, 0xAF, 0x98, 0x43, 0xE5,
    0xAF, 0xA7, 0x43, 0xE5, 0xAF, 0xAE, 0x43, 0xE5, 0xAF, 0xB3, 0x43, 0xE5, 0xAF, 0xB8, 0x43, 0xE5,
    0xAF, 0xBF, 0x43, 0xE5, 0xB0, 0x86, 0x43, 0xE5, 0xB0, 0x8F, 0x43, 0xE5, 0xB0, 0xA2, 0x43, 0xE5,
    0xB0, 0xB8, 0x43, 0xE5, 0xB0, 0xBF, 0x43, 0xE5, 0xB1, 0xA0, 0x43, 0xE5, 0xB1, 0xA2, 0x43, 0xE5,
    0xB1, 0xA4, 0x43, 0xE5, 0xB1, 0xA5, 0x43, 0xE5, 0xB1, 0xAE, 0x43, 0xE5, 0xB1, 0xB1, 0x43, 0xE5,
    0xB2, 0x8D, 0x43, 0xE5, 0xB3, 0x80, 0x43, 0xE5, 0xB4, 0x99, 0x43, 0xE5, 0xB5, 0x83, 0x43, 0xE5,
    0xB5, 0x90, 0x43, 0xE5, 0xB5, 0xAB, 0x43, 0xE5, 0xB5, 0xAE, 0x43, 0xE5, 0xB5, 0xBC, 0x43, 0xE5,
    0xB6, 0xB2, 0x43, 0xE5, 0xB6, 0xBA, 0x43, 0xE5, 0xB7, 0x9B, 0x43, 0xE5, 0xB7, 0xA1, 0x43, 0xE5,
    0xB7, 0xA2, 0x43, 0xE5, 0xB7, 0xA5, 0x43, 0xE5, 0xB7, 0xA6, 0x43, 0xE5, 0xB7, 0xB1, 0x43, 0xE5,
    0xB7, 0xBD, 0x43, 0xE5, 0xB7, 0xBE, 0x43, 0xE5, 0xB8, 0xA8, 0x43, 0xE5, 0xB8, 0xBD, 0x43, 0xE5,
    0xB9, 0xA9, 0x43, 0xE5, 0xB9, 0xB2, 0x43, 0xE5, 0xB9, 0xB4, 0x43, 0xE5, 0xB9, 0xBA, 0x43, 0xE5,
    0xB9, 0xBC, 0x43, 0xE5, 0xB9, 0xBF, 0x43, 0xE5, 0xBA, 0xA6, 0x43, 0xE5, 0xBA, 0xB0, 0x43, 0xE5,
    0xBA, 0xB3, 0x43, 0xE5, 0xBA, 0xB6, 0x43, 0xE5, 0xBB, 0x89, 0x43, 0xE5, 0xBB, 0x8A, 0x43, 0xE5,
    0xBB, 0x92, 0x43, 0xE5, 0xBB, 0x93, 0x43, 0xE5, 0xBB, 0x99, 0x43, 0xE5, 0xBB, 0xAC, 0x43, 0xE5,
    0xBB, 0xB4, 0x43, 0xE5, 0xBB, 0xBE, 0x43, 0xE5, 0xBC, 0x84, 0x43, 0xE5, 0xBC, 0x8B, 0x43, 0xE5,
    0xBC, 0x93, 0x43, 0xE5, 0xBC, 0xA2, 0x43, 0xE5, 0xBD, 0x90, 0x43, 0xE5, 0xBD, 0x93, 0x43, 0xE5,
    0xBD, 0xA1, 0x43, 0xE5, 0xBD, 0xA2, 0x43, 0xE5, 0xBD, 0xA9, 0x43, 0xE5, 0xBD, 0xAB, 0x43, 0xE5,
    0xBD, 0xB3, 0x43, 0xE5, 0xBE, 0x8B, 0x43, 0xE5, 0xBE, 0x8C, 0x43, 0xE5, 0xBE, 0x97, 0x43, 0xE5,
    0xBE, 0x9A, 0x43, 0xE5, 0xBE, 0xA9, 0x43, 0xE5, 0xBE, 0xAD, 0x43, 0xE5, 0xBF, 0x83, 0x43, 0xE5,
    0xBF, 0x8D, 0x43, 0xE5, 0xBF, 0x97, 0x43, 0xE5, 0xBF, 0xB5, 0x43, 0xE5, 0xBF, 0xB9, 0x43, 0xE6,
    0x80, 0x92, 0x43, 0xE6, 0x80, 0x9C, 0x43, 0xE6, 0x81, 0xB5, 0x43, 0xE6, 0x82, 0x81, 0x43, 0xE6,
    0x82, 0x94, 0x43, 0xE6, 0x83, 0x87, 0x43, 0xE6, 0x83, 0x98, 0x43, 0xE6, 0x83, 0xA1, 0x43, 0xE6,
    0x84, 0x88, 0x43, 0xE6, 0x85, 0x84, 0x43, 0xE6, 0x85, 0x88, 0x43, 0xE6, 0x85, 0x8C, 0x43, 0xE6,
    0x85, 0x8E, 0x43, 0xE6, 0x85, 0xA0, 0x43, 0xE6, 0x85, 0xA8, 0x43, 0xE6, 0x85, 0xBA, 0x43, 0xE6,
    0x86, 0x8E, 0x43, 0xE6, 0x86, 0x90, 0x43, 0xE6, 0x86, 0xA4, 0x43, 0xE6, 0x86, 0xAF, 0x43, 0xE6,
    0x86, 0xB2, 0x43, 0xE6, 0x87, 0x9E, 0x43, 0xE6, 0x87, 0xB2, 0x43, 0xE6, 0x87, 0xB6, 0x43, 0xE6,
    0x88, 0x80, 0x43, 0xE6, 0x88, 0x88, 0x43, 0xE6, 0x88, 0x90, 0x43, 0xE6, 0x88, 0x9B, 0x43, 0xE6,
    0x88, 0xAE, 0x43, 0xE6, 0x88, 0xB4, 0x43, 0xE6, 0x88, 0xB6, 0x43, 0xE6, 0x89, 0x8B, 0x43, 0xE6,
    0x89, 0x93, 0x43, 0xE6, 0x89, 0x9D, 0x43, 0xE6, 0x8A, 0x95, 0x43, 0xE6, 0x8A, 0xB1, 0x43, 0xE6,
    0x8B, 0x89, 0x43, 0xE6, 0x8B, 0x8F, 0x43, 0xE6, 0x8B, 0x93, 0x43, 0xE6, 0x8B, 0x94, 0x43, 0xE6,
    0x8B, 0xBC, 0x43, 0xE6, 0x8B, 0xBE, 0x43, 0xE6, 0x8C, 0x87, 0x43, 0xE6, 0x8C, 0xBD, 0x43, 0xE6,
    0x8D, 0x90, 0x43, 0xE6, 0x8D, 0x95, 0x43, 0xE6, 0x8D, 0xA8, 0x43, 0xE6, 0x8D, 0xBB, 0x43, 0xE6,
    0x8E, 0x83, 0x43, 0xE6, 0x8E, 0xA0, 0x43, 0xE6, 0x8E, 0xA9, 0x43, 0xE6, 0x8F, 0x84, 0x43, 0xE6,
    0x8F, 0x85, 0x43, 0xE6, 0x8F, 0xA4, 0x43, 0xE6, 0x90, 0x9C, 0x43, 0xE6, 0x90, 0xA2, 0x43, 0xE6,
    0x91, 0x92, 0x43, 0xE6, 0x91, 0xA9, 0x43, 0xE6, 0x91, 0xB7, 0x43, 0xE6, 0x91, 0xBE, 0x43, 0xE6,
    0x92, 0x9A, 0x43, 0xE6, 0x92, 0x9D, 0x43, 0xE6, 0x93, 0x84, 0x43, 0xE6, 0x94, 0xAF, 0x43, 0xE6,
    0x94, 0xB4, 0x43, 0xE6, 0x95, 0x8F, 0x43, 0xE6, 0x95, 0x96, 0x43, 0xE6, 0x95, 0xAC, 0x43, 0xE6,
    0x95, 0xB8, 0x43, 0xE6, 0x96, 0x87, 0x43, 0xE6, 0x96, 0x97, 0x43, 0xE6, 0x96, 0x99, 0x43, 0xE6,
    0x96, 0xA4, 0x43, 0xE6, 0x96, 0xB0, 0x43, 0xE6, 0x96, 0xB9, 0x43, 0xE6, 0x97, 0x85, 0x43, 0xE6,
    0x97, 0xA0, 0x43, 0xE6, 0x97, 0xA2, 0x43, 0xE6, 0x97, 0xA3, 0x43, 0xE6, 0x97, 0xA5, 0x43, 0xE6,
    0x98, 0x93, 0x43, 0xE6, 0x98, 0xA0, 0x43, 0xE6, 0x99, 0x89, 0x43, 0xE6, 0x99, 0xB4, 0x43, 0xE6,
    0x9A, 0x88, 0x43, 0xE6, 0x9A, 0x91, 0x43, 0xE6, 0x9A, 0x9C, 0x43, 0xE6, 0x9A, 0xB4, 0x43, 0xE6,
    0x9B, 0x86, 0x43, 0xE6, 0x9B, 0xB0, 0x43, 0xE6, 0x9B, 0xB4, 0x43, 0xE6, 0x9B, 0xB8, 0x43, 0xE6,
    0x9C, 0x80, 0x43, 0xE6, 0x9C, 0x88, 0x43, 0xE6, 0x9C, 0x89, 0x43, 0xE6, 0x9C, 0x97, 0x43, 0xE6,
    0x9C, 0x9B, 0x43, 0xE6, 0x9C, 0xA1, 0x43, 0xE6, 0x9C, 0xA8, 0x43, 0xE6, 0x9D, 0x8E, 0x43, 0xE6,
    0x9D, 0x93, 0x43, 0xE6, 0x9D, 0x96, 0x43, 0xE6, 0x9D, 0x9E, 0x43, 0xE6, 0x9D, 0xBB, 0x43, 0xE6,
    0x9E, 0x85, 0x43, 0xE6, 0x9E, 0x97, 0x43, 0xE6, 0x9F, 0xB3, 0x43, 0xE6, 0x9F, 0xBA, 0x43, 0xE6,
    0xA0, 0x97, 0x43, 0xE6, 0xA0, 0x9F, 0x43, 0xE6, 0xA0, 0xAA, 0x43, 0xE6, 0xA1, 0x92, 0x43, 0xE6,
    0xA2, 0x81, 0x43, 0xE6, 0xA2, 0x85, 0x43, 0xE6, 0xA2, 0x8E, 0x43, 0xE6, 0xA2, 0xA8, 0x43, 0xE6,
    0xA4, 0x94, 0x43, 0xE6, 0xA5, 0x82, 0x43, 0xE6, 0xA6, 0xA3, 0x43, 0xE6, 0xA7, 0xAA, 0x43, 0xE6,
    0xA8, 0x82, 0x43, 0xE6, 0xA8, 0x93, 0x43, 0xE6, 0xAA, 0xA8, 0x43, 0xE6, 0xAB, 0x93, 0x43, 0xE6,
    0xAB, 0x9B, 0x43, 0xE6, 0xAC, 0x84, 0x43, 0xE6, 0xAC, 0xA0, 0x43, 0xE6, 0xAC, 0xA1, 0x43, 0xE6,
    0xAD, 0x94, 0x43, 0xE6, 0xAD, 0xA2, 0x43, 0xE6, 0xAD, 0xA3, 0x43, 0xE6, 0xAD, 0xB2, 0x43, 0xE6,
    0xAD, 0xB7, 0x43, 0xE6, 0xAD, 0xB9, 0x43, 0xE6, 0xAE, 0x9F, 0x43, 0xE6, 0xAE, 0xAE, 0x43, 0xE6,
    0xAE, 0xB3, 0x43, 0xE6, 0xAE, 0xBA, 0x43, 0xE6, 0xAE, 0xBB, 0x43, 0xE6, 0xAF, 0x8B, 0x43, 0xE6,
    0xAF, 0x8D, 0x43, 0xE6, 0xAF, 0x94, 0x43, 0xE6, 0xAF, 0x9B, 0x43, 0xE6, 0xB0, 0x8F, 0x43, 0xE6,
    0xB0, 0x94, 0x43, 0xE6, 0xB0, 0xB4, 0x43, 0xE6, 0xB1, 0x8E, 0x43, 0xE6, 0xB1, 0xA7, 0x43, 0xE6,
    0xB2, 0x88, 0x43, 0xE6, 0xB2, 0xBF, 0x43, 0xE6, 0xB3, 0x8C, 0x43, 0xE6, 0xB3, 0x8D, 0x43, 0xE6,
    0xB3, 0xA5, 0x43, 0xE6, 0xB3, 0xA8, 0x43, 0xE6, 0xB4, 0x96, 0x43, 0xE6, 0xB4, 0x9B, 0x43, 0xE6,
    0xB4, 0x9E, 0x43, 0xE6, 0xB4, 0xB4, 0x43, 0xE6, 0xB4, 0xBE, 0x43, 0xE6, 0xB5, 0x81, 0x43, 0xE6,
    0xB5, 0xA9, 0x43, 0xE6, 0xB5, 0xAA, 0x43, 0xE6, 0xB5, 0xB7, 0x43, 0xE6, 0xB5, 0xB8, 0x43, 0xE6,
    0xB6, 0x85, 0x43, 0xE6, 0xB7, 0x8B, 0x43, 0xE6, 0xB7, 0x9A, 0x43, 0xE6, 0xB7, 0xAA, 0x43, 0xE6,
    0xB7, 0xB9, 0x43, 0xE6, 0xB8, 0x9A, 0x43, 0xE6, 0xB8, 0xAF, 0x43, 0xE6, 0xB9, 0xAE, 0x43, 0xE6,
    0xBA, 0x80, 0x43, 0xE6, 0xBA, 0x9C, 0x43, 0xE6, 0xBA, 0xBA, 0x43, 0xE6, 0xBB, 0x87, 0x43, 0xE6,
    0xBB, 0x8B, 0x43, 0xE6, 0xBB, 0x91, 0x43, 0xE6, 0xBB, 0x9B, 0x43, 0xE6, 0xBC, 0x8F, 0x43, 0xE6,
    0xBC, 0x94, 0x43, 0xE6, 0xBC, 0xA2, 0x43, 0xE6, 0xBC, 0xA3, 0x43, 0xE6, 0xBD, 0xAE, 0x43, 0xE6,
    0xBF, 0x86, 0x43, 0xE6, 0xBF, 0xAB, 0x43, 0xE6, 0xBF, 0xBE, 0x43, 0xE7, 0x80, 0x9B, 0x43, 0xE7,
    0x80, 0x9E, 0x43, 0xE7, 0x80, 0xB9, 0x43, 0xE7, 0x81, 0x8A, 0x43, 0xE7, 0x81, 0xAB, 0x43, 0xE7,
    0x81, 0xB0, 0x43, 0xE7, 0x81, 0xB7, 0x43, 0xE7, 0x81, 0xBD, 0x43, 0xE7, 0x82, 0x99, 0x43, 0xE7,
    0x82, 0xAD, 0x43, 0xE7, 0x83, 0x88, 0x43, 0xE7, 0x83, 0x99, 0x43, 0xE7, 0x84, 0xA1, 0x43, 0xE7,
    0x85, 0x85, 0x43, 0xE7, 0x85, 0x89, 0x43, 0xE7, 0x85, 0xAE, 0x43, 0xE7, 0x86, 0x9C, 0x43, 0xE7,
    0x87, 0x8E, 0x43, 0xE7, 0x87, 0x90, 0x43, 0xE7, 0x88, 0x90, 0x43, 0xE7, 0x88, 0x9B, 0x43, 0xE7,
    0x88, 0xA8, 0x43, 0xE7, 0x88, 0xAA, 0x43, 0xE7, 0x88, 0xAB, 0x43, 0xE7, 0x88, 0xB5, 0x43, 0xE7,
    0x88, 0xB6, 0x43, 0xE7, 0x88, 0xBB, 0x43, 0xE7, 0x88, 0xBF, 0x43, 0xE7, 0x89, 0x87, 0x43, 0xE7,
    0x89, 0x90, 0x43, 0xE7, 0x89, 0x99, 0x43, 0xE7, 0x89, 0x9B, 0x43, 0xE7, 0x89, 0xA2, 0x43, 0xE7,
    0x89, 0xB9, 0x43, 0xE7, 0x8A, 0x80, 0x43, 0xE7, 0x8A, 0x95, 0x43, 0xE7, 0x8A, 0xAC, 0x43, 0xE7,
    0x8A, 0xAF, 0x43, 0xE7, 0x8B, 0x80, 0x43, 0xE7, 0x8B, 0xBC, 0x43, 0xE7, 0x8C, 0xAA, 0x43, 0xE7,
    0x8D, 0xB5, 0x43, 0xE7, 0x8D, 0xBA, 0x43, 0xE7, 0x8E, 0x84, 0x43, 0xE7, 0x8E, 0x87, 0x43, 0xE7,
    0x8E, 0x89, 0x43, 0xE7, 0x8E, 0x8B, 0x43, 0xE7, 0x8E, 0xA5, 0x43, 0xE7, 0x8E, 0xB2, 0x43, 0xE7,
    0x8F, 0x9E, 0x43, 0xE7, 0x90, 0x86, 0x43, 0xE7, 0x90, 0x89, 0x43, 0xE7, 0x90, 0xA2, 0x43, 0xE7,
    0x91, 0x87, 0x43, 0xE7, 0x91, 0x9C, 0x43, 0xE7, 0x91, 0xA9, 0x43, 0xE7, 0x91, 0xB1, 0x43, 0xE7,
    0x92, 0x85, 0x43, 0xE7, 0x92, 0x89, 0x43, 0xE7, 0x92, 0x98, 0x43, 0xE7, 0x93, 0x8A, 0x43, 0xE7,
    0x93, 0x9C, 0x43, 0xE7, 0x93, 0xA6, 0x43, 0xE7, 0x94, 0x86, 0x43, 0xE7, 0x94, 0x98, 0x43, 0xE7,
    0x94, 0x9F, 0x43, 0xE7, 0x94, 0xA4, 0x43, 0xE7, 0x94, 0xA8, 0x43, 0xE7, 0x94, 0xB0, 0x43, 0xE7,
    0x94, 0xB2, 0x43, 0xE7, 0x94, 0xB3, 0x43, 0xE7, 0x94, 0xB7, 0x43, 0xE7, 0x94, 0xBB, 0x43, 0xE7,
    0x94, 0xBE, 0x43, 0xE7, 0x95, 0x99, 0x43, 0xE7, 0x95, 0xA5, 0x43, 0xE7, 0x95, 0xB0, 0x43, 0xE7,
    0x96, 0x8B, 0x43, 0xE7, 0x96, 0x92, 0x43, 0xE7, 0x97, 0xA2, 0x43, 0xE7, 0x98, 0x90, 0x43, 0xE7,
    0x98, 0x9D, 0x43, 0xE7, 0x98, 0x9F, 0x43, 0xE7, 0x99, 0x82, 0x43, 0xE7, 0x99, 0xA9, 0x43, 0xE7,
    0x99, 0xB6, 0x43, 0xE7, 0x99, 0xBD, 0x43, 0xE7, 0x9A, 0xAE, 0x43, 0xE7, 0x9A, 0xBF, 0x43, 0xE7,
    0x9B, 0x8A, 0x43, 0xE7, 0x9B, 0x9B, 0x43, 0xE7, 0x9B, 0xA3, 0x43, 0xE7, 0x9B, 0xA7, 0x43, 0xE7,
    0x9B, 0xAE, 0x43, 0xE7, 0x9B, 0xB4, 0x43, 0xE7, 0x9C, 0x81, 0x43, 0xE7, 0x9C, 0x9E, 0x43, 0xE7,
    0x9C, 0x9F, 0x43, 0xE7, 0x9D, 0x80, 0x43, 0xE7, 0x9D, 0x8A, 0x43, 0xE7, 0x9E, 0x8B, 0x43, 0xE7,
    0x9E, 0xA7, 0x43, 0xE7, 0x9F, 0x9B, 0x43, 0xE7, 0x9F, 0xA2, 0x43, 0xE7, 0x9F, 0xB3, 0x43, 0xE7,
    0xA1, 0x8E, 0x43, 0xE7, 0xA1, 0xAB, 0x43, 0xE7, 0xA2, 0x8C, 0x43, 0xE7, 0xA2, 0x91, 0x43, 0xE7,
    0xA3, 0x8A, 0x43, 0xE7, 0xA3, 0x8C, 0x43, 0xE7, 0xA3, 0xBB, 0x43, 0xE7, 0xA4, 0xAA, 0x43, 0xE7,
    0xA4, 0xBA, 0x43, 0xE7, 0xA4, 0xBC, 0x43, 0xE7, 0xA4, 0xBE, 0x43, 0xE7, 0xA5, 0x88, 0x43, 0xE7,
    0xA5, 0x89, 0x43, 0xE7, 0xA5, 0x90, 0x43, 0xE7, 0xA5, 0x96, 0x43, 0xE7, 0xA5, 0x9D, 0x43, 0xE7,
    0xA5, 0x9E, 0x43, 0xE7, 0xA5, 0xA5, 0x43, 0xE7, 0xA5, 0xBF, 0x43, 0xE7, 0xA6, 0x81, 0x43, 0xE7,
    0xA6, 0x8D, 0x43, 0xE7, 0xA6, 0x8E, 0x43, 0xE7, 0xA6, 0x8F, 0x43, 0xE7, 0xA6, 0xAE, 0x43, 0xE7,
    0xA6, 0xB8, 0x43, 0xE7, 0xA6, 0xBE, 0x43, 0xE7, 0xA7, 0x8A, 0x43, 0xE7, 0xA7, 0x98, 0x43, 0xE7,
    0xA7, 0xAB, 0x43, 0xE7, 0xA8, 0x9C, 0x43, 0xE7, 0xA9, 0x80, 0x43, 0xE7, 0xA9, 0x8A, 0x43, 0xE7,
    0xA9, 0x8F, 0x43, 0xE7, 0xA9, 0xB4, 0x43, 0xE7, 0xA9, 0xBA, 0x43, 0xE7, 0xAA, 0x81, 0x43, 0xE7,
    0xAA, 0xB1, 0x43, 0xE7, 0xAB, 0x8B, 0x43, 0xE7, 0xAB, 0xAE, 0x43, 0xE7, 0xAB, 0xB9, 0x43, 0xE7,
    0xAC, 0xA0, 0x43, 0xE7, 0xAE, 0x8F, 0x43, 0xE7, 0xAF, 0x80, 0x43, 0xE7, 0xAF, 0x86, 0x43, 0xE7,
    0xAF, 0x89, 0x43, 0xE7, 0xB0, 0xBE, 0x43, 0xE7, 0xB1, 0xA0, 0x43, 0xE7, 0xB1, 0xB3, 0x43, 0xE7,
    0xB1, 0xBB, 0x43, 0xE7, 0xB2, 0x92, 0x43, 0xE7, 0xB2, 0xBE, 0x43, 0xE7, 0xB3, 0x92, 0x43, 0xE7,
    0xB3, 0x96, 0x43, 0xE7, 0xB3, 0xA3, 0x43, 0xE7, 0xB3, 0xA7, 0x43, 0xE7, 0xB3, 0xA8, 0x43, 0xE7,
    0xB3, 0xB8, 0x43, 0xE7, 0xB4, 0x80, 0x43, 0xE7, 0xB4, 0x90, 0x43, 0xE7, 0xB4, 0xA2, 0x43, 0xE7,
    0xB4, 0xAF, 0x43, 0xE7, 0xB5, 0x82, 0x43, 0xE7, 0xB5, 0x9B, 0x43, 0xE7, 0xB5, 0xA3, 0x43, 0xE7,
    0xB6, 0xA0, 0x43, 0xE7, 0xB6, 0xBE, 0x43, 0xE7, 0xB7, 0x87, 0x43, 0xE7, 0xB7, 0xB4, 0x43, 0xE7,
    0xB8, 0x82, 0x43, 0xE7, 0xB8, 0x89, 0x43, 0xE7, 0xB8, 0xB7, 0x43, 0xE7, 0xB9, 0x81, 0x43, 0xE7,
    0xB9, 0x85, 0x43, 0xE7, 0xBC, 0xB6, 0x43, 0xE7, 0xBC, 0xBE, 0x43, 0xE7, 0xBD, 0x91, 0x43, 0xE7,
    0xBD, 0xB2, 0x43, 0xE7, 0xBD, 0xB9, 0x43, 0xE7, 0xBD, 0xBA, 0x43, 0xE7, 0xBE, 0x85, 0x43, 0xE7,
    0xBE, 0x8A, 0x43, 0xE7, 0xBE, 0x95, 0x43, 0xE7, 0xBE, 0x9A, 0x43, 0xE7, 0xBE, 0xBD, 0x43, 0xE7,
    0xBF, 0xBA, 0x43, 0xE8, 0x80, 0x81, 0x43, 0xE8, 0x80, 0x85, 0x43, 0xE8, 0x80, 0x8C, 0x43, 0xE8,
    0x80, 0x92, 0x43, 0xE8, 0x80, 0xB3, 0x43, 0xE8, 0x81, 0x86, 0x43, 0xE8, 0x81, 0xA0, 0x43, 0xE8,
    0x81, 0xAF, 0x43, 0xE8, 0x81, 0xB0, 0x43, 0xE8, 0x81, 0xBE, 0x43, 0xE8, 0x81, 0xBF, 0x43, 0xE8,
    0x82, 0x89, 0x43, 0xE8, 0x82, 0x8B, 0x43, 0xE8, 0x82, 0xAD, 0x43, 0xE8, 0x82, 0xB2, 0x43, 0xE8,
    0x84, 0x83, 0x43, 0xE8, 0x84, 0xBE, 0x43, 0xE8, 0x87, 0x98, 0x43, 0xE8, 0x87, 0xA3, 0x43, 0xE8,
    0x87, 0xA8, 0x43, 0xE8, 0x87, 0xAA, 0x43, 0xE8, 0x87, 0xAD, 0x43, 0xE8, 0x87, 0xB3, 0x43, 0xE8,
    0x87, 0xBC, 0x43, 0xE8, 0x88, 0x81, 0x43, 0xE8, 0x88, 0x84, 0x43, 0xE8, 0x88, 0x8C, 0x43, 0xE8,
    0x88, 0x98, 0x43, 0xE8, 0x88, 0x9B, 0x43, 0xE8, 0x88, 0x9F, 0x43, 0xE8, 0x89, 0xAE, 0x43, 0xE8,
    0x89, 0xAF, 0x43, 0xE8, 0x89, 0xB2, 0x43, 0xE8, 0x89, 0xB8, 0x43, 0xE8, 0x89, 0xB9, 0x43, 0xE8,
    0x8A, 0x8B, 0x43, 0xE8, 0x8A, 0x91, 0x43, 0xE8, 0x8A, 0x9D, 0x43, 0xE8, 0x8A, 0xB1, 0x43, 0xE8,
    0x8A, 0xB3, 0x43, 0xE8, 0x8A, 0xBD, 0x43, 0xE8, 0x8B, 0xA5, 0x43, 0xE8, 0x8B, 0xA6, 0x43, 0xE8,
    0x8C, 0x9D, 0x43, 0xE8, 0x8C, 0xA3, 0x43, 0xE8, 0x8C, 0xB6, 0x43, 0xE8, 0x8D, 0x92, 0x43, 0xE8,
    0x8D, 0x93, 0x43, 0xE8, 0x8D, 0xA3, 0x43, 0xE8, 0x8E, 0xAD, 0x43, 0xE8, 0x8E, 0xBD, 0x43, 0xE8,
    0x8F, 0x89, 0x43, 0xE8, 0x8F, 0x8A, 0x43, 0xE8, 0x8F, 0x8C, 0x43, 0xE8, 0x8F, 0x9C, 0x43, 0xE8,
    0x8F, 0xA7, 0x43, 0xE8, 0x8F, 0xAF, 0x43, 0xE8, 0x8F, 0xB1, 0x43, 0xE8, 0x90, 0xBD, 0x43, 0xE8,
    0x91, 0x89, 0x43, 0xE8, 0x91, 0x97, 0x43, 0xE8, 0x93, 0xAE, 0x43, 0xE8, 0x93, 0xB1, 0x43, 0xE8,
    0x93, 0xB3, 0x43, 0xE8, 0x93, 0xBC, 0x43, 0xE8, 0x94, 0x96, 0x43, 0xE8, 0x95, 0xA4, 0x43, 0xE8,
    0x97, 0x8D, 0x43, 0xE8, 0x97, 0xBA, 0x43, 0xE8, 0x98, 0x86, 0x43, 0xE8, 0x98, 0x92, 0x43, 0xE8,
    0x98, 0xAD, 0x43, 0xE8, 0x98, 0xBF, 0x43, 0xE8, 0x99, 0x8D, 0x43, 0xE8, 0x99, 0x90, 0x43, 0xE8,
    0x99, 0x9C, 0x43, 0xE8, 0x99, 0xA7, 0x43, 0xE8, 0x99, 0xA9, 0x43, 0xE8, 0x99, 0xAB, 0x43, 0xE8,
    0x9A, 0x88, 0x43, 0xE8, 0x9A, 0xA9, 0x43, 0xE8, 0x9B, 0xA2, 0x43, 0xE8, 0x9C, 0x8E, 0x43, 0xE8,
    0x9C, 0xA8, 0x43, 0xE8, 0x9D, 0xAB, 0x43, 0xE8, 0x9D, 0xB9, 0x43, 0xE8, 0x9E, 0x86, 0x43, 0xE8,
    0x9E, 0xBA, 0x43, 0xE8, 0x9F, 0xA1, 0x43, 0xE8, 0xA0, 0x81, 0x43, 0xE8, 0xA0, 0x9F, 0x43, 0xE8,
    0xA1, 0x80, 0x43, 0xE8, 0xA1, 0x8C, 0x43, 0xE8, 0xA1, 0xA0, 0x43, 0xE8, 0xA1, 0xA3, 0x43, 0xE8,
    0xA3, 0x82, 0x43, 0xE8, 0xA3, 0x8F, 0x43, 0xE8, 0xA3, 0x97, 0x43, 0xE8, 0xA3, 0x9E, 0x43, 0xE8,
    0xA3, 0xA1, 0x43, 0xE8, 0xA3, 0xB8, 0x43, 0xE8, 0xA3, 0xBA, 0x43, 0xE8, 0xA4, 0x90, 0x43, 0xE8,
    0xA5, 0x81, 0x43, 0xE8, 0xA5, 0xA4, 0x43, 0xE8, 0xA5, 0xBE, 0x43, 0xE8, 0xA6, 0x86, 0x43, 0xE8,
    0xA6, 0x8B, 0x43, 0xE8, 0xA6, 0x96, 0x43, 0xE8, 0xA7, 0x92, 0x43, 0xE8, 0xA7, 0xA3, 0x43, 0xE8,
    0xA8, 0x80, 0x43, 0xE8, 0xAA, 0xA0, 0x43, 0xE8, 0xAA, 0xAA, 0x43, 0xE8, 0xAA, 0xBF, 0x43, 0xE8,
    0xAB, 0x8B, 0x43, 0xE8, 0xAB, 0x92, 0x43, 0xE8, 0xAB, 0x96, 0x43, 0xE8, 0xAB, 0xAD, 0x43, 0xE8,
    0xAB, 0xB8, 0x43, 0xE8, 0xAB, 0xBE, 0x43, 0xE8, 0xAC, 0x81, 0x43, 0xE8, 0xAC, 0xB9, 0x43, 0xE8,
    0xAD, 0x98, 0x43, 0xE8, 0xAE, 0x80, 0x43, 0xE8, 0xAE, 0x8A, 0x43, 0xE8, 0xB0, 0xB7, 0x43, 0xE8,
    0xB1, 0x86, 0x43, 0xE8, 0xB1, 0x88, 0x43, 0xE8, 0xB1, 0x95, 0x43, 0xE8, 0xB1, 0xB8, 0x43, 0xE8,
    0xB2, 0x9D, 0x43, 0xE8, 0xB2, 0xA1, 0x43, 0xE8, 0xB2, 0xA9, 0x43, 0xE8, 0xB2, 0xAB, 0x43, 0xE8,
    0xB3, 0x81, 0x43, 0xE8, 0xB3, 0x82, 0x43, 0xE8, 0xB3, 0x87, 0x43, 0xE8, 0xB3, 0x88, 0x43, 0xE8,
    0xB3, 0x93, 0x43, 0xE8, 0xB4, 0x88, 0x43, 0xE8, 0xB4, 0x9B, 0x43, 0xE8, 0xB5, 0xA4, 0x43, 0xE8,
    0xB5, 0xB0, 0x43, 0xE8, 0xB5, 0xB7, 0x43, 0xE8, 0xB6, 0xB3, 0x43, 0xE8, 0xB6, 0xBC, 0x43, 0xE8,
    0xB7, 0x8B, 0x43, 0xE8, 0xB7, 0xAF, 0x43, 0xE8, 0xB7, 0xB0, 0x43, 0xE8, 0xBA, 0xAB, 0x43, 0xE8,
    0xBB, 0x8A, 0x43, 0xE8, 0xBB, 0x94, 0x43, 0xE8, 0xBC, 0xA6, 0x43, 0xE8, 0xBC, 0xAA, 0x43, 0xE8,
    0xBC, 0xB8, 0x43, 0xE8, 0xBC, 0xBB, 0x43, 0xE8, 0xBD, 0xA2, 0x43, 0xE8, 0xBE, 0x9B, 0x43, 0xE8,
    0xBE, 0x9E, 0x43, 0xE8, 0xBE, 0xB0, 0x43, 0xE8, 0xBE, 0xB5, 0x43, 0xE8, 0xBE, 0xB6, 0x43, 0xE9,
    0x80, 0xA3, 0x43, 0xE9, 0x80, 0xB8, 0x43, 0xE9, 0x81, 0x8A, 0x43, 0xE9, 0x81, 0xA9, 0x43, 0xE9,
    0x81, 0xB2, 0x43, 0xE9, 0x81, 0xBC, 0x43, 0xE9, 0x82, 0x8F, 0x43, 0xE9, 0x82, 0x91, 0x43, 0xE9,
    0x82, 0x94, 0x43, 0xE9, 0x83, 0x8E, 0x43, 0xE9, 0x83, 0x9E, 0x43, 0xE9, 0x83, 0xB1, 0x43, 0xE9,
    0x83, 0xBD, 0x43, 0xE9, 0x84, 0x91, 0x43, 0xE9, 0x84, 0x9B, 0x43, 0xE9, 0x85, 0x89, 0x43, 0xE9,
    0x85, 0x8D, 0x43, 0xE9, 0x85, 0xAA, 0x43, 0xE9, 0x86, 0x99, 0x43, 0xE9, 0x86, 0xB4, 0x43, 0xE9,
    0x87, 0x86, 0x43, 0xE9, 0x87, 0x8C, 0x43, 0xE9, 0x87, 0x8F, 0x43, 0xE9, 0x87, 0x91, 0x43, 0xE9,
    0x88, 0xB4, 0x43, 0xE9, 0x88, 0xB8, 0x43, 0xE9, 0x89, 0xB6, 0x43, 0xE9, 0x89, 0xBC, 0x43, 0xE9,
    0x8B, 0x97, 0x43, 0xE9, 0x8B, 0x98, 0x43, 0xE9, 0x8C, 0x84, 0x43, 0xE9, 0x8D, 0x8A, 0x43, 0xE9,
    0x8F, 0xB9, 0x43, 0xE9, 0x90, 0x95, 0x43, 0xE9, 0x95, 0xB7, 0x43, 0xE9, 0x96, 0x80, 0x43, 0xE9,
    0x96, 0x8B, 0x43, 0xE9, 0x96, 0xAD, 0x43, 0xE9, 0x96, 0xB7, 0x43, 0xE9, 0x98, 0x9C, 0x43, 0xE9,
    0x98, 0xAE, 0x43, 0xE9, 0x99, 0x8B, 0x43, 0xE9, 0x99, 0x8D, 0x43, 0xE9, 0x99, 0xB5, 0x43, 0xE9,
    0x99, 0xB8, 0x43, 0xE9, 0x99, 0xBC, 0x43, 0xE9, 0x9A, 0x86, 0x43, 0xE9, 0x9A, 0xA3, 0x43, 0xE9,
    0x9A, 0xB6, 0x43, 0xE9, 0x9A, 0xB7, 0x43, 0xE9, 0x9A, 0xB8, 0x43, 0xE9, 0x9A, 0xB9, 0x43, 0xE9,
    0x9B, 0x83, 0x43, 0xE9, 0x9B, 0xA2, 0x43, 0xE9, 0x9B, 0xA3, 0x43, 0xE9, 0x9B, 0xA8, 0x43, 0xE9,
    0x9B, 0xB6, 0x43, 0xE9, 0x9B, 0xB7, 0x43, 0xE9, 0x9C, 0xA3, 0x43, 0xE9, 0x9C, 0xB2, 0x43, 0xE9,
    0x9D, 0x88, 0x43, 0xE9, 0x9D, 0x91, 0x43, 0xE9, 0x9D, 0x96, 0x43, 0xE9, 0x9D, 0x9E, 0x43, 0xE9,
    0x9D, 0xA2, 0x43, 0xE9, 0x9D, 0xA9, 0x43, 0xE9, 0x9F, 0x8B, 0x43, 0xE9, 0x9F, 0x9B, 0x43, 0xE9,
    0x9F, 0xA0, 0x43, 0xE9, 0x9F, 0xAD, 0x43, 0xE9, 0x9F, 0xB3, 0x43, 0xE9, 0x9F, 0xBF, 0x43, 0xE9,
    0xA0, 0x81, 0x43, 0xE9, 0xA0, 0x85, 0x43, 0xE9, 0xA0, 0x8B, 0x43, 0xE9, 0xA0, 0x98, 0x43, 0xE9,
    0xA0, 0xA9, 0x43, 0xE9, 0xA0, 0xBB, 0x43, 0xE9, 0xA1, 0x9E, 0x43, 0xE9, 0xA2, 0xA8, 0x43, 0xE9,
    0xA3, 0x9B, 0x43, 0xE9, 0xA3, 0x9F, 0x43, 0xE9, 0xA3, 0xA2, 0x43, 0xE9, 0xA3, 0xAF, 0x43, 0xE9,
    0xA3, 0xBC, 0x43, 0xE9, 0xA4, 0xA8, 0x43, 0xE9, 0xA4, 0xA9, 0x43, 0xE9, 0xA6, 0x96, 0x43, 0xE9,
    0xA6, 0x99, 0x43, 0xE9, 0xA6, 0xA7, 0x43, 0xE9, 0xA6, 0xAC, 0x43, 0xE9, 0xA7, 0x82, 0x43, 0xE9,
    0xA7, 0xB1, 0x43, 0xE9, 0xA7, 0xBE, 0x43, 0xE9, 0xA9, 0xAA, 0x43, 0xE9, 0xAA, 0xA8, 0x43, 0xE9,
    0xAB, 0x98, 0x43, 0xE9, 0xAB, 0x9F, 0x43, 0xE9, 0xAC, 0x92, 0x43, 0xE9, 0xAC, 0xA5, 0x43, 0xE9,
    0xAC, 0xAF, 0x43, 0xE9, 0xAC, 0xB2, 0x43, 0xE9, 0xAC, 0xBC, 0x43, 0xE9, 0xAD, 0x9A, 0x43, 0xE9,
    0xAD, 0xAF, 0x43, 0xE9, 0xB1, 0x80, 0x43, 0xE9, 0xB1, 0x97, 0x43, 0xE9, 0xB3, 0xA5, 0x43, 0xE9,
    0xB3, 0xBD, 0x43, 0xE9, 0xB5, 0xA7, 0x43, 0xE9, 0xB6, 0xB4, 0x43, 0xE9, 0xB7, 0xBA, 0x43, 0xE9,
    0xB8, 0x9E, 0x43, 0xE9, 0xB9, 0xB5, 0x43, 0xE9, 0xB9, 0xBF, 0x43, 0xE9, 0xBA, 0x97, 0x43, 0xE9,
    0xBA, 0x9F, 0x43, 0xE9, 0xBA, 0xA5, 0x43, 0xE9, 0xBA, 0xBB, 0x43, 0xE9, 0xBB, 0x83, 0x43, 0xE9,
    0xBB, 0x8D, 0x43, 0xE9, 0xBB, 0x8E, 0x43, 0xE9, 0xBB, 0x91, 0x43, 0xE9, 0xBB, 0xB9, 0x43, 0xE9,
    0xBB, 0xBD, 0x43, 0xE9, 0xBB, 0xBE, 0x43, 0xE9, 0xBC, 0x85, 0x43, 0xE9, 0xBC, 0x8E, 0x43, 0xE9,
    0xBC, 0x8F, 0x43, 0xE9, 0xBC, 0x93, 0x43, 0xE9, 0xBC, 0x96, 0x43, 0xE9, 0xBC, 0xA0, 0x43, 0xE9,
    0xBC, 0xBB, 0x43, 0xE9, 0xBD, 0x83, 0x43, 0xE9, 0xBD, 0x8A, 0x43, 0xE9, 0xBD, 0x92, 0x43, 0xE9,
    0xBE, 0x8D, 0x43, 0xE9, 0xBE, 0x8E, 0x43, 0xE9, 0xBE, 0x9C, 0x43, 0xE9, 0xBE, 0x9F, 0x43, 0xE9,
    0xBE, 0xA0, 0x43, 0xEA, 0x99, 0x91, 0x43, 0xEA, 0x9A, 0x89, 0x43, 0xEA, 0x9C, 0xA7, 0x43, 0xEA,
    0x9D, 0xAF, 0x43, 0xEA, 0x9E, 0x8E, 0x43, 0xEA, 0xAC, 0xB7, 0x43, 0xEA, 0xAD, 0x92, 0x43, 0xEA,
    0xAD, 0xA6, 0x43, 0xEA, 0xAD, 0xA7, 0x44, 0xF0, 0x9D, 0xBC, 0x84, 0x44, 0xF0, 0x9D, 0xBC, 0x85,
    0x44, 0xF0, 0x9D, 0xBC, 0x86, 0x44, 0xF0, 0x9D, 0xBC, 0x88, 0x44, 0xF0, 0x9D, 0xBC, 0x8A, 0x44,
    0xF0, 0x9D, 0xBC, 0x9E, 0x44, 0xF0, 0xA0, 0x84, 0xA2, 0x44, 0xF0, 0xA0, 0x94, 0x9C, 0x44, 0xF0,
    0xA0, 0x94, 0xA5, 0x44, 0xF0, 0xA0, 0x95, 0x8B, 0x44, 0xF0, 0xA0, 0x98, 0xBA, 0x44, 0xF0, 0xA0,
    0xA0, 0x84, 0x44, 0xF0, 0xA0, 0xA3, 0x9E, 0x44, 0xF0, 0xA0, 0xA8, 0xAC, 0x44, 0xF0, 0xA0, 0xAD,
    0xA3, 0x44, 0xF0, 0xA1, 0x93, 0xA4, 0x44, 0xF0, 0xA1, 0x9A, 0xA8, 0x44, 0xF0, 0xA1, 0x9B, 0xAA,
    0x44, 0xF0, 0xA1, 0xA7, 0x88, 0x44, 0xF0, 0xA1, 0xAC, 0x98, 0x44, 0xF0, 0xA1, 0xB4, 0x8B, 0x44,
    0xF0, 0xA1, 0xB7, 0xA4, 0x44, 0xF0, 0xA1, 0xB7, 0xA6, 0x44, 0xF0, 0xA2, 0x86, 0x83, 0x44, 0xF0,
    0xA2, 0x86, 0x9F, 0x44, 0xF0, 0xA2, 0x8C, 0xB1, 0x44, 0xF0, 0xA2, 0x9B, 0x94, 0x44, 0xF0, 0xA2,
    0xA1, 0x84, 0x44, 0xF0, 0xA2, 0xA1, 0x8A, 0x44, 0xF0, 0xA2, 0xAC, 0x8C, 0x44, 0xF0, 0xA2, 0xAF,
    0xB1, 0x44, 0xF0, 0xA3, 0x80, 0x8A, 0x44, 0xF0, 0xA3, 0x8A, 0xB8, 0x44, 0xF0, 0xA3, 0x8D, 0x9F,
    0x44, 0xF0, 0xA3, 0x8E, 0x93, 0x44, 0xF0, 0xA3, 0x8E, 0x9C, 0x44, 0xF0, 0xA3, 0x8F, 0x83, 0x44,
    0xF0, 0xA3, 0x8F, 0x95, 0x44, 0xF0, 0xA3, 0x91, 0xAD, 0x44, 0xF0, 0xA3, 0x9A, 0xA3, 0x44, 0xF0,
    0xA3, 0xA2, 0xA7, 0x44, 0xF0, 0xA3, 0xAA, 0x8D, 0x44, 0xF0, 0xA3, 0xAB, 0xBA, 0x44, 0xF0, 0xA3,
    0xB2, 0xBC, 0x44, 0xF0, 0xA3, 0xB4, 0x9E, 0x44, 0xF0, 0xA3, 0xBB, 0x91, 0x44, 0xF0, 0xA3, 0xBD,
    0x9E, 0x44, 0xF0, 0xA3, 0xBE, 0x8E, 0x44, 0xF0, 0xA4, 0x89, 0xA3, 0x44, 0xF0, 0xA4, 0x8B, 0xAE,
    0x44, 0xF0, 0xA4, 0x8E, 0xAB, 0x44, 0xF0, 0xA4, 0x98, 0x88, 0x44, 0xF0, 0xA4, 0x9C, 0xB5, 0x44,
    0xF0, 0xA4, 0xA0, 0x94, 0x44, 0xF0, 0xA4, 0xB0, 0xB6, 0x44, 0xF0, 0xA4, 0xB2, 0x92, 0x44, 0xF0,
    0xA4, 0xBE, 0xA1, 0x44, 0xF0, 0xA4, 0xBE, 0xB8, 0x44, 0xF0, 0xA5, 0x81, 0x84, 0x44, 0xF0, 0xA5,
    0x83, 0xB2, 0x44, 0xF0, 0xA5, 0x83, 0xB3, 0x44, 0xF0, 0xA5, 0x84, 0x99, 0x44, 0xF0, 0xA5, 0x84,
    0xB3, 0x44, 0xF0, 0xA5, 0x89, 0x89, 0x44, 0xF0, 0xA5, 0x90, 0x9D, 0x44, 0xF0, 0xA5, 0x98, 0xA6,
    0x44, 0xF0, 0xA5, 0x9A, 0x9A, 0x44, 0xF0, 0xA5, 0x9B, 0x85, 0x44, 0xF0, 0xA5, 0xA5, 0xBC, 0x44,
    0xF0, 0xA5, 0xAA, 0xA7, 0x44, 0xF0, 0xA5, 0xAE, 0xAB, 0x44, 0xF0, 0xA5, 0xB2, 0x80, 0x44, 0xF0,
    0xA5, 0xB3, 0x90, 0x44, 0xF0, 0xA5, 0xBE, 0x86, 0x44, 0xF0, 0xA6, 0x87, 0x9A, 0x44, 0xF0, 0xA6,
    0x88, 0xA8, 0x44, 0xF0, 0xA6, 0x89, 0x87, 0x44, 0xF0, 0xA6, 0x8B, 0x99, 0x44, 0xF0, 0xA6, 0x8C,
    0xBE, 0x44, 0xF0, 0xA6, 0x93, 0x9A, 0x44, 0xF0, 0xA6, 0x94, 0xA3, 0x44, 0xF0, 0xA6, 0x96, 0xA8,
    0x44, 0xF0, 0xA6, 0x9E, 0xA7, 0x44, 0xF0, 0xA6, 0x9E, 0xB5, 0x44, 0xF0, 0xA6, 0xAC, 0xBC, 0x44,
    0xF0, 0xA6, 0xB0, 0xB6, 0x44, 0xF0, 0xA6, 0xB3, 0x95, 0x44, 0xF0, 0xA6, 0xB5, 0xAB, 0x44, 0xF0,
    0xA6, 0xBC, 0xAC, 0x44, 0xF0, 0xA6, 0xBE, 0xB1, 0x44, 0xF0, 0xA7, 0x83, 0x92, 0x44, 0xF0, 0xA7,
    0x8F, 0x8A, 0x44, 0xF0, 0xA7, 0x99, 0xA7, 0x44, 0xF0, 0xA7, 0xA2, 0xAE, 0x44, 0xF0, 0xA7, 0xA5,
    0xA6, 0x44, 0xF0, 0xA7, 0xB2, 0xA8, 0x44, 0xF0, 0xA7, 0xBB, 0x93, 0x44, 0xF0, 0xA7, 0xBC, 0xAF,
    0x44, 0xF0, 0xA8, 0x97, 0x92, 0x44, 0xF0, 0xA8, 0x97, 0xAD, 0x44, 0xF0, 0xA8, 0x9C, 0xAE, 0x44,
    0xF0, 0xA8, 0xAF, 0xBA, 0x44, 0xF0, 0xA8, 0xB5, 0xB7, 0x44, 0xF0, 0xA9, 0x85, 0x85, 0x44, 0xF0,
    0xA9, 0x87, 0x9F, 0x44, 0xF0, 0xA9, 0x88, 0x9A, 0x44, 0xF0, 0xA9, 0x90, 0x8A, 0x44, 0xF0, 0xA9,
    0x92, 0x96, 0x44, 0xF0, 0xA9, 0x96, 0xB6, 0x44, 0xF0, 0xA9, 0xAC, 0xB0, 0x44, 0xF0, 0xAA, 0x83,
    0x8E, 0x44, 0xF0, 0xAA, 0x84, 0x85, 0x44, 0xF0, 0xAA, 0x88, 0x8E, 0x44, 0xF0, 0xAA, 0x8A, 0x91,
    0x44, 0xF0, 0xAA, 0x8E, 0x92, 0x44, 0xF0, 0xAA, 0x98, 0x80, 0x42, 0x21, 0x21, 0x42, 0x21, 0x3F,
    0x42, 0x2E, 0x2E, 0x42, 0x30, 0x2C, 0x42, 0x30, 0x2E, 0x42, 0x31, 0x2C, 0x42, 0x31, 0x2E, 0x42,
    0x31, 0x30, 0x42, 0x31, 0x31, 0x42, 0x31, 0x32, 0x42, 0x31, 0x33, 0x42, 0x31, 0x34, 0x42, 0x31,
    0x35, 0x42, 0x31, 0x36, 0x42, 0x31, 0x37, 0x42, 0x31, 0x38, 0x42, 0x31, 0x39, 0x42, 0x32, 0x2C,
    0x42, 0x32, 0x2E, 0x42, 0x32, 0x30, 0x42, 0x32, 0x31, 0x42, 0x32, 0x32, 0x42, 0x32, 0x33, 0x42,
    0x32, 0x34, 0x42, 0x32, 0x35, 0x42, 0x32, 0x36, 0x42, 0x32, 0x37, 0x42, 0x32, 0x38, 0x42, 0x32,
    0x39, 0x42, 0x33, 0x2C, 0x42, 0x33, 0x2E, 0x42, 0x33, 0x30, 0x42, 0x33, 0x31, 0x42, 0x33, 0x32,
    0x42, 0x33, 0x33, 0x42, 0x33, 0x34, 0x42, 0x33, 0x35, 0x42, 0x33, 0x36, 0x42, 0x33, 0x37, 0x42,
    0x33, 0x38, 0x42, 0x33, 0x39, 0x42, 0x34, 0x2C, 0x42, 0x34, 0x2E, 0x42, 0x34, 0x30, 0x42, 0x34,
    0x31, 0x42, 0x34, 0x32, 0x42, 0x34, 0x33, 0x42, 0x34, 0x34, 0x42, 0x34, 0x35, 0x42, 0x34, 0x36,
    0x42, 0x34, 0x37, 0x42, 0x34, 0x38, 0x42, 0x34, 0x39, 0x42, 0x35, 0x2C, 0x42, 0x35, 0x2E, 0x42,
    0x35, 0x30, 0x42, 0x36, 0x2C, 0x42, 0x36, 0x2E, 0x42, 0x37, 0x2C, 0x42, 0x37, 0x2E, 0x42, 0x38,
    0x2C, 0x42, 0x38, 0x2E, 0x42, 0x39, 0x2C, 0x42, 0x39, 0x2E, 0x42, 0x3D, 0x3D, 0x42, 0x3F, 0x21,
    0x42, 0x3F, 0x3F, 0x42, 0x41, 0x55, 0x42, 0x42, 0x71, 0x42, 0x43, 0x44, 0x42, 0x44, 0x4A, 0x42,
    0x44, 0x5A, 0x42, 0x44, 0x7A, 0x42, 0x47, 0x42, 0x42, 0x47, 0x79, 0x42, 0x48, 0x50, 0x42, 0x48,
    0x56, 0x42, 0x48, 0x67, 0x42, 0x48, 0x7A, 0x42, 0x49, 0x49, 0x42, 0x49, 0x4A, 0x42, 0x49, 0x55,
    0x42, 0x49, 0x56, 0x42, 0x49, 0x58, 0x42, 0x4B, 0x42, 0x42, 0x4B, 0x4B, 0x42, 0x4B, 0x4D, 0x42,
    0x4C, 0x4A, 0x42, 0x4C, 0x6A, 0x42, 0x4D, 0x42, 0x42, 0x4D, 0x43, 0x42, 0x4D, 0x44, 0x42, 0x4D,
    0x52, 0x42, 0x4D, 0x56, 0x42, 0x4D, 0x57, 0x42, 0x4E, 0x4A, 0x42, 0x4E, 0x6A, 0x42, 0x4E, 0x6F,
    0x42, 0x50, 0x48, 0x42, 0x50, 0x52, 0x42, 0x50, 0x61, 0x42, 0x52, 0x73, 0x42, 0x53, 0x44, 0x42,
    0x53, 0x4D, 0x42, 0x53, 0x53, 0x42, 0x53, 0x76, 0x42, 0x54, 0x4D, 0x42, 0x56, 0x49, 0x42, 0x57,
    0x43, 0x42, 0x57, 0x5A, 0x42, 0x57, 0x62, 0x42, 0x58, 0x49, 0x42, 0x63, 0x63, 0x42, 0x63, 0x64,
    0x42, 0x63, 0x6D, 0x42, 0x64, 0x42, 0x42, 0x64, 0x61, 0x42, 0x64, 0x6C, 0x42, 0x64, 0x6D, 0x42,
    0x64, 0x7A, 0x42, 0x65, 0x56, 0x42, 0x66, 0x66, 0x42, 0x66, 0x69, 0x42, 0x66, 0x6C, 0x42, 0x66,
    0x6D, 0x42, 0x68, 0x61, 0x42, 0x69, 0x69, 0x42, 0x69, 0x6A, 0x42, 0x69, 0x6E, 0x42, 0x69, 0x76,
    0x42, 0x69, 0x78, 0x42, 0x6B, 0x41, 0x42, 0x6B, 0x56, 0x42, 0x6B, 0x57, 0x42, 0x6B, 0x67, 0x42,
    0x6B, 0x6C, 0x42, 0x6B, 0x6D, 0x42, 0x6B, 0x74, 0x42, 0x6C, 0x6A, 0x42, 0x6C, 0x6D, 0x42, 0x6C,
    0x6E, 0x42, 0x6C, 0x78, 0x42, 0x6D, 0x32, 0x42, 0x6D, 0x33, 0x42, 0x6D, 0x41, 0x42, 0x6D, 0x56,
    0x42, 0x6D, 0x57, 0x42, 0x6D, 0x62, 0x42, 0x6D, 0x67, 0x42, 0x6D, 0x6C, 0x42, 0x6D, 0x6D, 0x42,
    0x6D, 0x73, 0x42, 0x6E, 0x41, 0x42, 0x6E, 0x46, 0x42, 0x6E, 0x56, 0x42, 0x6E, 0x57, 0x42, 0x6E,
    0x6A, 0x42, 0x6E, 0x6D, 0x42, 0x6E, 0x73, 0x42, 0x6F, 0x56, 0x42, 0x70, 0x41, 0x42, 0x70, 0x46,
    0x42, 0x70, 0x56, 0x42, 0x70, 0x57, 0x42, 0x70, 0x63, 0x42, 0x70, 0x73, 0x42, 0x73, 0x72, 0x42,
    0x73, 0x74, 0x42, 0x76, 0x69, 0x42, 0x78, 0x69, 0x43, 0x28, 0x31, 0x29, 0x43, 0x28, 0x32, 0x29,
    0x43, 0x28, 0x33, 0x29, 0x43, 0x28, 0x34, 0x29, 0x43, 0x28, 0x35, 0x29, 0x43, 0x28, 0x36, 0x29,
    0x43, 0x28, 0x37, 0x29, 0x43, 0x28, 0x38, 0x29, 0x43, 0x28, 0x39, 0x29, 0x43, 0x28, 0x41, 0x29,
    0x43, 0x28, 0x42, 0x29, 0x43, 0x28, 0x43, 0x29, 0x43, 0x28, 0x44, 0x29, 0x43, 0x28, 0x45, 0x29,
    0x43, 0x28, 0x46, 0x29, 0x43, 0x28, 0x47, 0x29, 0x43, 0x28, 0x48, 0x29, 0x43, 0x28, 0x49, 0x29,
    0x43, 0x28, 0x4A, 0x29, 0x43, 0x28, 0x4B, 0x29, 0x43, 0x28, 0x4C, 0x29, 0x43, 0x28, 0x4D, 0x29,
    0x43, 0x28, 0x4E, 0x29, 0x43, 0x28, 0x4F, 0x29, 0x43, 0x28, 0x50, 0x29, 0x43, 0x28, 0x51, 0x29,
    0x43, 0x28, 0x52, 0x29, 0x43, 0x28, 0x53, 0x29, 0x43, 0x28, 0x54, 0x29, 0x43, 0x28, 0x55, 0x29,
    0x43, 0x28, 0x56, 0x29, 0x43, 0x28, 0x57, 0x29, 0x43, 0x28, 0x58, 0x29, 0x43, 0x28, 0x59, 0x29,
    0x43, 0x28, 0x5A, 0x29, 0x43, 0x28, 0x61, 0x29, 0x43, 0x28, 0x62, 0x29, 0x43, 0x28, 0x63, 0x29,
    0x43, 0x28, 0x64, 0x29, 0x43, 0x28, 0x65, 0x29, 0x43, 0x28, 0x66, 0x29, 0x43, 0x28, 0x67, 0x29,
    0x43, 0x28, 0x68, 0x29, 0x43, 0x28, 0x69, 0x29, 0x43, 0x28, 0x6A, 0x29, 0x43, 0x28, 0x6B, 0x29,
    0x43, 0x28, 0x6C, 0x29, 0x43, 0x28, 0x6D, 0x29, 0x43, 0x28, 0x6E, 0x29, 0x43, 0x28, 0x6F, 0x29,
    0x43, 0x28, 0x70, 0x29, 0x43, 0x28, 0x71, 0x29, 0x43, 0x28, 0x72, 0x29, 0x43, 0x28, 0x73, 0x29,
    0x43, 0x28, 0x74, 0x29, 0x43, 0x28, 0x75, 0x29, 0x43, 0x28, 0x76, 0x29, 0x43, 0x28, 0x77, 0x29,
    0x43, 0x28, 0x78, 0x29, 0x43, 0x28, 0x79, 0x29, 0x43, 0x28, 0x7A, 0x29, 0x43, 0x2E, 0x2E, 0x2E,
    0x43, 0x31, 0x30, 0x2E, 0x43, 0x31, 0x31, 0x2E, 0x43, 0x31, 0x32, 0x2E, 0x43, 0x31, 0x33, 0x2E,
    0x43, 0x31, 0x34, 0x2E, 0x43, 0x31, 0x35, 0x2E, 0x43, 0x31, 0x36, 0x2E, 0x43, 0x31, 0x37, 0x2E,
    0x43, 0x31, 0x38, 0x2E, 0x43, 0x31, 0x39, 0x2E, 0x43, 0x32, 0x30, 0x2E, 0x43, 0x3A, 0x3A, 0x3D,
    0x43, 0x3D, 0x3D, 0x3D, 0x43, 0x43, 0x6F, 0x2E, 0x43, 0x46, 0x41, 0x58, 0x43, 0x47, 0x48, 0x7A,
    0x43, 0x47, 0x50, 0x61, 0x43, 0x49, 0x49, 0x49, 0x43, 0x4C, 0x54, 0x44, 0x43, 0x4C, 0xC2, 0xB7,
    0x43, 0x4D, 0x48, 0x7A, 0x43, 0x4D, 0x50, 0x61, 0x43, 0x4D, 0xCE, 0xA9, 0x43, 0x50, 0x50, 0x4D,
    0x43, 0x50, 0x50, 0x56, 0x43, 0x50, 0x54, 0x45, 0x43, 0x54, 0x45, 0x4C, 0x43, 0x54, 0x48, 0x7A,
    0x43, 0x56, 0x49, 0x49, 0x43, 0x58, 0x49, 0x49, 0x43, 0x61, 0x2F, 0x63, 0x43, 0x61, 0x2F, 0x73,
    0x43, 0x61, 0xCA, 0xBE, 0x43, 0x62, 0x61, 0x72, 0x43, 0x63, 0x2F, 0x6F, 0x43, 0x63, 0x2F, 0x75,
    0x43, 0x63, 0x61, 0x6C, 0x43, 0x63, 0x6D, 0x32, 0x43, 0x63, 0x6D, 0x33, 0x43, 0x64, 0x6D, 0x32,
    0x43, 0x64, 0x6D, 0x33, 0x43, 0x65, 0x72, 0x67, 0x43, 0x66, 0x66, 0x69, 0x43, 0x66, 0x66, 0x6C,
    0x43, 0x67, 0x61, 0x6C, 0x43, 0x68, 0x50, 0x61, 0x43, 0x69, 0x69, 0x69, 0x43, 0x6B, 0x48, 0x7A,
    0x43, 0x6B, 0x50, 0x61, 0x43, 0x6B, 0x6D, 0x32, 0x43, 0x6B, 0x6D, 0x33, 0x43, 0x6B, 0xCE, 0xA9,
    0x43, 0x6C, 0x6F, 0x67, 0x43, 0x6C, 0xC2, 0xB7, 0x43, 0x6D, 0x69, 0x6C, 0x43, 0x6D, 0x6D, 0x32,
    0x43, 0x6D, 0x6D, 0x33, 0x43, 0x6D, 0x6F, 0x6C, 0x43, 0x72, 0x61, 0x64, 0x43, 0x76, 0x69, 0x69,
    0x43, 0x78, 0x69, 0x69, 0x43, 0xC2, 0xB0, 0x43, 0x43, 0xC2, 0xB0, 0x46, 0x43, 0xCA, 0xBC, 0x6E,
    0x43, 0xCE, 0xBC, 0x41, 0x43, 0xCE, 0xBC, 0x46, 0x43, 0xCE, 0xBC, 0x56, 0x43, 0xCE, 0xBC, 0x57,
    0x43, 0xCE, 0xBC, 0x67, 0x43, 0xCE, 0xBC, 0x6C, 0x43, 0xCE, 0xBC, 0x6D, 0x43, 0xCE, 0xBC, 0x73,
    0x44, 0x28, 0x31, 0x30, 0x29, 0x44, 0x28, 0x31, 0x31, 0x29, 0x44, 0x28, 0x31, 0x32, 0x29, 0x44,
    0x28, 0x31, 0x33, 0x29, 0x44, 0x28, 0x31, 0x34, 0x29, 0x44, 0x28, 0x31, 0x35, 0x29, 0x44, 0x28,
    0x31, 0x36, 0x29, 0x44, 0x28, 0x31, 0x37, 0x29, 0x44, 0x28, 0x31, 0x38, 0x29, 0x44, 0x28, 0x31,
    0x39, 0x29, 0x44, 0x28, 0x32, 0x30, 0x29, 0x44, 0x30, 0xE7, 0x82, 0xB9, 0x44, 0x31, 0xE2, 0x81,
    0x84, 0x44, 0x31, 0xE6, 0x97, 0xA5, 0x44, 0x31, 0xE6, 0x9C, 0x88, 0x44, 0x31, 0xE7, 0x82, 0xB9,
    0x44, 0x32, 0xE6, 0x97, 0xA5, 0x44, 0x32, 0xE6, 0x9C, 0x88, 0x44, 0x32, 0xE7, 0x82, 0xB9, 0x44,
    0x33, 0xE6, 0x97, 0xA5, 0x44, 0x33, 0xE6, 0x9C, 0x88, 0x44, 0x33, 0xE7, 0x82, 0xB9, 0x44, 0x34,
    0xE6, 0x97, 0xA5, 0x44, 0x34, 0xE6, 0x9C, 0x88, 0x44, 0x34, 0xE7, 0x82, 0xB9, 0x44, 0x35, 0xE6,
    0x97, 0xA5, 0x44, 0x35, 0xE6, 0x9C, 0x88, 0x44, 0x35, 0xE7, 0x82, 0xB9, 0x44, 0x36, 0xE6, 0x97,
    0xA5, 0x44, 0x36, 0xE6, 0x9C, 0x88, 0x44, 0x36, 0xE7, 0x82, 0xB9, 0x44, 0x37, 0xE6, 0x97, 0xA5,
    0x44, 0x37, 0xE6, 0x9C, 0x88, 0x44, 0x37, 0xE7, 0x82, 0xB9, 0x44, 0x38, 0xE6, 0x97, 0xA5, 0x44,
    0x38, 0xE6, 0x9C, 0x88, 0x44, 0x38, 0xE7, 0x82, 0xB9, 0x44, 0x39, 0xE6, 0x97, 0xA5, 0x44, 0x39,
    0xE6, 0x9C, 0x88, 0x44, 0x39, 0xE7, 0x82, 0xB9, 0x44, 0x56, 0x49, 0x49, 0x49, 0x44, 0x61, 0x2E,
    0x6D, 0x2E, 0x44, 0x6B, 0x63, 0x61, 0x6C, 0x44, 0x70, 0x2E, 0x6D, 0x2E, 0x44, 0x76, 0x69, 0x69,
    0x69, 0x44, 0xD5, 0xA5, 0xD6, 0x82, 0x44, 0xD5, 0xB4, 0xD5, 0xA5, 0x44, 0xD5, 0xB4, 0xD5, 0xAB,
    0x44, 0xD5, 0xB4, 0xD5, 0xAD, 0x44, 0xD5, 0xB4, 0xD5, 0xB6, 0x44, 0xD5, 0xBE, 0xD5, 0xB6, 0x44,
    0xD7, 0x90, 0xD7, 0x9C, 0x44, 0xD8, 0xA7, 0xD9, 0xB4, 0x44, 0xD8, 0xA8, 0xD8, 0xAC, 0x44, 0xD8,
    0xA8, 0xD8, 0xAD, 0x44, 0xD8, 0xA8, 0xD8, 0xAE, 0x44, 0xD8, 0xA8, 0xD8, 0xB1, 0x44, 0xD8, 0xA8,
    0xD8, 0xB2, 0x44, 0xD8, 0xA8, 0xD9, 0x85, 0x44, 0xD8, 0xA8, 0xD9, 0x86, 0x44, 0xD8, 0xA8, 0xD9,
    0x87, 0x44, 0xD8, 0xA8, 0xD9, 0x89, 0x44, 0xD8, 0xA8, 0xD9, 0x8A, 0x44, 0xD8, 0xAA, 0xD8, 0xAC,
    0x44, 0xD8, 0xAA, 0xD8, 0xAD, 0x44, 0xD8, 0xAA, 0xD8, 0xAE, 0x44, 0xD8, 0xAA, 0xD8, 0xB1, 0x44,
    0xD8, 0xAA, 0xD8, 0xB2, 0x44, 0xD8, 0xAA, 0xD9, 0x85, 0x44, 0xD8, 0xAA, 0xD9, 0x86, 0x44, 0xD8,
    0xAA, 0xD9, 0x87, 0x44, 0xD8, 0xAA, 0xD9, 0x89, 0x44, 0xD8, 0xAA, 0xD9, 0x8A, 0x44, 0xD8, 0xAB,
    0xD8, 0xAC, 0x44, 0xD8, 0xAB, 0xD8, 0xB1, 0x44, 0xD8, 0xAB, 0xD8, 0xB2, 0x44, 0xD8, 0xAB, 0xD9,
    0x85, 0x44, 0xD8, 0xAB, 0xD9, 0x86, 0x44, 0xD8, 0xAB, 0xD9, 0x87, 0x44, 0xD8, 0xAB, 0xD9, 0x89,
    0x44, 0xD8, 0xAB, 0xD9, 0x8A, 0x44, 0xD8, 0xAC, 0xD8, 0xAD, 0x44, 0xD8, 0xAC, 0xD9, 0x85, 0x44,
    0xD8, 0xAC, 0xD9, 0x89, 0x44, 0xD8, 0xAC, 0xD9, 0x8A, 0x44, 0xD8, 0xAD, 0xD8, 0xAC, 0x44, 0xD8,
    0xAD, 0xD9, 0x85, 0x44, 0xD8, 0xAD, 0xD9, 0x89, 0x44, 0xD8, 0xAD, 0xD9, 0x8A, 0x44, 0xD8, 0xAE,
    0xD8, 0xAC, 0x44, 0xD8, 0xAE, 0xD8, 0xAD, 0x44, 0xD8, 0xAE, 0xD9, 0x85, 0x44, 0xD8, 0xAE, 0xD9,
    0x89, 0x44, 0xD8, 0xAE, 0xD9, 0x8A, 0x44, 0xD8, 0xB3, 0xD8, 0xAC, 0x44, 0xD8, 0xB3, 0xD8, 0xAD,
    0x44, 0xD8, 0xB3, 0xD8, 0xAE, 0x44, 0xD8, 0xB3, 0xD8, 0xB1, 0x44, 0xD8, 0xB3, 0xD9, 0x85, 0x44,
    0xD8, 0xB3, 0xD9, 0x87, 0x44, 0xD8, 0xB3, 0xD9, 0x89, 0x44, 0xD8, 0xB3, 0xD9, 0x8A, 0x44, 0xD8,
    0xB4, 0xD8, 0xAC, 0x44, 0xD8, 0xB4, 0xD8, 0xAD, 0x44, 0xD8, 0xB4, 0xD8, 0xAE, 0x44, 0xD8, 0xB4,
    0xD8, 0xB1, 0x44, 0xD8, 0xB4, 0xD9, 0x85, 0x44, 0xD8, 0xB4, 0xD9, 0x87, 0x44, 0xD8, 0xB4, 0xD9,
    0x89, 0x44, 0xD8, 0xB4, 0xD9, 0x8A, 0x44, 0xD8, 0xB5, 0xD8, 0xAD, 0x44, 0xD8, 0xB5, 0xD8, 0xAE,
    0x44, 0xD8, 0xB5, 0xD8, 0xB1, 0x44, 0xD8, 0xB5, 0xD9, 0x85, 0x44, 0xD8, 0xB5, 0xD9, 0x89, 0x44,
    0xD8, 0xB5, 0xD9, 0x8A, 0x44, 0xD8, 0xB6, 0xD8, 0xAC, 0x44, 0xD8, 0xB6, 0xD8, 0xAD, 0x44, 0xD8,
    0xB6, 0xD8, 0xAE, 0x44, 0xD8, 0xB6, 0xD8, 0xB1, 0x44, 0xD8, 0xB6, 0xD9, 0x85, 0x44, 0xD8, 0xB6,
    0xD9, 0x89, 0x44, 0xD8, 0xB6, 0xD9, 0x8A, 0x44, 0xD8, 0xB7, 0xD8, 0xAD, 0x44, 0xD8, 0xB7, 0xD9,
    0x85, 0x44, 0xD8, 0xB7, 0xD9, 0x89, 0x44, 0xD8, 0xB7, 0xD9, 0x8A, 0x44, 0xD8, 0xB8, 0xD9, 0x85,
    0x44, 0xD8, 0xB9, 0xD8, 0xAC, 0x44, 0xD8, 0xB9, 0xD9, 0x85, 0x44, 0xD8, 0xB9, 0xD9, 0x89, 0x44,
    0xD8, 0xB9, 0xD9, 0x8A, 0x44, 0xD8, 0xBA, 0xD8, 0xAC, 0x44, 0xD8, 0xBA, 0xD9, 0x85, 0x44, 0xD8,
    0xBA, 0xD9, 0x89, 0x44, 0xD8, 0xBA, 0xD9, 0x8A, 0x44, 0xD9, 0x81, 0xD8, 0xAC, 0x44, 0xD9, 0x81,
    0xD8, 0xAD, 0x44, 0xD9, 0x81, 0xD8, 0xAE, 0x44, 0xD9, 0x81, 0xD9, 0x85, 0x44, 0xD9, 0x81, 0xD9,
    0x89, 0x44, 0xD9, 0x81, 0xD9, 0x8A, 0x44, 0xD9, 0x82, 0xD8, 0xAD, 0x44, 0xD9, 0x82, 0xD9, 0x85,
    0x44, 0xD9, 0x82, 0xD9, 0x89, 0x44, 0xD9, 0x82, 0xD9, 0x8A, 0x44, 0xD9, 0x83, 0xD8, 0xA7, 0x44,
    0xD9, 0x83, 0xD8, 0xAC, 0x44, 0xD9, 0x83, 0xD8, 0xAD, 0x44, 0xD9, 0x83, 0xD8, 0xAE, 0x44, 0xD9,
    0x83, 0xD9, 0x84, 0x44, 0xD9, 0x83, 0xD9, 0x85, 0x44, 0xD9, 0x83, 0xD9, 0x89, 0x44, 0xD9, 0x83,
    0xD9, 0x8A, 0x44, 0xD9, 0x84, 0xD8, 0xA7, 0x44, 0xD9, 0x84, 0xD8, 0xAC, 0x44, 0xD9, 0x84, 0xD8,
    0xAD, 0x44, 0xD9, 0x84, 0xD8, 0xAE, 0x44, 0xD9, 0x84, 0xD9, 0x85, 0x44, 0xD9, 0x84, 0xD9, 0x87,
    0x44, 0xD9, 0x84, 0xD9, 0x89, 0x44, 0xD9, 0x84, 0xD9, 0x8A, 0x44, 0xD9, 0x85, 0xD8, 0xA7, 0x44,
    0xD9, 0x85, 0xD8, 0xAC, 0x44, 0xD9, 0x85, 0xD8, 0xAD, 0x44, 0xD9, 0x85, 0xD8, 0xAE, 0x44, 0xD9,
    0x85, 0xD9, 0x85, 0x44, 0xD9, 0x85, 0xD9, 0x89, 0x44, 0xD9, 0x85, 0xD9, 0x8A, 0x44, 0xD9, 0x86,
    0xD8, 0xAC, 0x44, 0xD9, 0x86, 0xD8, 0xAD, 0x44, 0xD9, 0x86, 0xD8, 0xAE, 0x44, 0xD9, 0x86, 0xD8,
    0xB1, 0x44, 0xD9, 0x86, 0xD8, 0xB2, 0x44, 0xD9, 0x86, 0xD9, 0x85, 0x44, 0xD9, 0x86, 0xD9, 0x86,
    0x44, 0xD9, 0x86, 0xD9, 0x87, 0x44, 0xD9, 0x86, 0xD9, 0x89, 0x44, 0xD9, 0x86, 0xD9, 0x8A, 0x44,
    0xD9, 0x87, 0xD8, 0xAC, 0x44, 0xD9, 0x87, 0xD9, 0x85, 0x44, 0xD9, 0x87, 0xD9, 0x89, 0x44, 0xD9,
    0x87, 0xD9, 0x8A, 0x44, 0xD9, 0x88, 0xD9, 0xB4, 0x44, 0xD9, 0x8A, 0xD8, 0xAC, 0x44, 0xD9, 0x8A,
    0xD8, 0xAD, 0x44, 0xD9, 0x8A, 0xD8, 0xAE, 0x44, 0xD9, 0x8A, 0xD8, 0xB1, 0x44, 0xD9, 0x8A, 0xD8,
    0xB2, 0x44, 0xD9, 0x8A, 0xD9, 0x85, 0x44, 0xD9, 0x8A, 0xD9, 0x86, 0x44, 0xD9, 0x8A, 0xD9, 0x87,
    0x44, 0xD9, 0x8A, 0xD9, 0x89, 0x44, 0xD9, 0x8A, 0xD9, 0x8A, 0x44, 0xD9, 0x8A, 0xD9, 0xB4, 0x44,
    0xDB, 0x87, 0xD9, 0xB4, 0x45, 0x28, 0xE1, 0x84, 0x80, 0x29, 0x45, 0x28, 0xE1, 0x84, 0x82, 0x29,
    0x45, 0x28, 0xE1, 0x84, 0x83, 0x29, 0x45, 0x28, 0xE1, 0x84, 0x85, 0x29, 0x45, 0x28, 0xE1, 0x84,
    0x86, 0x29, 0x45, 0x28, 0xE1, 0x84, 0x87, 0x29, 0x45, 0x28, 0xE1, 0x84, 0x89, 0x29, 0x45, 0x28,
    0xE1, 0x84, 0x8B, 0x29, 0x45, 0x28, 0xE1, 0x84, 0x8C, 0x29, 0x45, 0x28, 0xE1, 0x84, 0x8E, 0x29,
    0x45, 0x28, 0xE1, 0x84, 0x8F, 0x29, 0x45, 0x28, 0xE1, 0x84, 0x90, 0x29, 0x45, 0x28, 0xE1, 0x84,
    0x91, 0x29, 0x45, 0x28, 0xE1, 0x84, 0x92, 0x29, 0x45, 0x28, 0xE4, 0xB8, 0x80, 0x29, 0x45, 0x28,
    0xE4, 0xB8, 0x83, 0x29, 0x45, 0x28, 0xE4, 0xB8, 0x89, 0x29, 0x45, 0x28, 0xE4, 0xB9, 0x9D, 0x29,
    0x45, 0x28, 0xE4, 0xBA, 0x8C, 0x29, 0x45, 0x28, 0xE4, 0xBA, 0x94, 0x29, 0x45, 0x28, 0xE4, 0xBB,
    0xA3, 0x29, 0x45, 0x28, 0xE4, 0xBC, 0x81, 0x29, 0x45, 0x28, 0xE4, 0xBC, 0x91, 0x29, 0x45, 0x28,
    0xE5, 0x85, 0xAB, 0x29, 0x45, 0x28, 0xE5, 0x85, 0xAD, 0x29, 0x45, 0x28, 0xE5, 0x8A, 0xB4, 0x29,
    0x45, 0x28, 0xE5, 0x8D, 0x81, 0x29, 0x45, 0x28, 0xE5, 0x8D, 0x94, 0x29, 0x45, 0x28, 0xE5, 0x90,
    0x8D, 0x29, 0x45, 0x28, 0xE5, 0x91, 0xBC, 0x29, 0x45, 0x28, 0xE5, 0x9B, 0x9B, 0x29, 0x45, 0x28,
    0xE5, 0x9C, 0x9F, 0x29, 0x45, 0x28, 0xE5, 0xAD, 0xA6, 0x29, 0x45, 0x28, 0xE6, 0x97, 0xA5, 0x29,
    0x45, 0x28, 0xE6, 0x9C, 0x88, 0x29, 0x45, 0x28, 0xE6, 0x9C, 0x89, 0x29, 0x45, 0x28, 0xE6, 0x9C,
    0xA8, 0x29, 0x45, 0x28, 0xE6, 0xA0, 0xAA, 0x29, 0x45, 0x28, 0xE6, 0xB0, 0xB4, 0x29, 0x45, 0x28,
    0xE7, 0x81, 0xAB, 0x29, 0x45, 0x28, 0xE7, 0x89, 0xB9, 0x29, 0x45, 0x28, 0xE7, 0x9B, 0xA3, 0x29,
    0x45, 0x28, 0xE7, 0xA4, 0xBE, 0x29, 0x45, 0x28, 0xE7, 0xA5, 0x9D, 0x29, 0x45, 0x28, 0xE7, 0xA5,
    0xAD, 0x29, 0x45, 0x28, 0xE8, 0x87, 0xAA, 0x29, 0x45, 0x28, 0xE8, 0x87, 0xB3, 0x29, 0x45, 0x28,
    0xE8, 0xB2, 0xA1, 0x29, 0x45, 0x28, 0xE8, 0xB3, 0x87, 0x29, 0x45, 0x28, 0xE9, 0x87, 0x91, 0x29,
    0x45, 0x30, 0xE2, 0x81, 0x84, 0x33, 0x45, 0x31, 0x30, 0xE6, 0x97, 0xA5, 0x45, 0x31, 0x30, 0xE6,
    0x9C, 0x88, 0x45, 0x31, 0x30, 0xE7, 0x82, 0xB9, 0x45, 0x31, 0x31, 0xE6, 0x97, 0xA5, 0x45, 0x31,
    0x31, 0xE6, 0x9C, 0x88, 0x45, 0x31, 0x31, 0xE7, 0x82, 0xB9, 0x45, 0x31, 0x32, 0xE6, 0x97, 0xA5,
    0x45, 0x31, 0x32, 0xE6, 0x9C, 0x88, 0x45, 0x31, 0x32, 0xE7, 0x82, 0xB9, 0x45, 0x31, 0x33, 0xE6,
    0x97, 0xA5, 0x45, 0x31, 0x33, 0xE7, 0x82, 0xB9, 0x45, 0x31, 0x34, 0xE6, 0x97, 0xA5, 0x45, 0x31,
    0x34, 0xE7, 0x82, 0xB9, 0x45, 0x31, 0x35, 0xE6, 0x97, 0xA5, 0x45, 0x31, 0x35, 0xE7, 0x82, 0xB9,
    0x45, 0x31, 0x36, 0xE6, 0x97, 0xA5, 0x45, 0x31, 0x36, 0xE7, 0x82, 0xB9, 0x45, 0x31, 0x37, 0xE6,
    0x97, 0xA5, 0x45, 0x31, 0x37, 0xE7, 0x82, 0xB9, 0x45, 0x31, 0x38, 0xE6, 0x97, 0xA5, 0x45, 0x31,
    0x38, 0xE7, 0x82, 0xB9, 0x45, 0x31, 0x39, 0xE6, 0x97, 0xA5, 0x45, 0x31, 0x39, 0xE7, 0x82, 0xB9,
    0x45, 0x31, 0xE2, 0x81, 0x84, 0x32, 0x45, 0x31, 0xE2, 0x81, 0x84, 0x33, 0x45, 0x31, 0xE2, 0x81,
    0x84, 0x34, 0x45, 0x31, 0xE2, 0x81, 0x84, 0x35, 0x45, 0x31, 0xE2, 0x81, 0x84, 0x36, 0x45, 0x31,
    0xE2, 0x81, 0x84, 0x37, 0x45, 0x31, 0xE2, 0x81, 0x84, 0x38, 0x45, 0x31, 0xE2, 0x81, 0x84, 0x39,
    0x45, 0x32, 0x30, 0xE6, 0x97, 0xA5, 0x45, 0x32, 0x30, 0xE7, 0x82, 0xB9, 0x45, 0x32, 0x31, 0xE6,
    0x97, 0xA5, 0x45, 0x32, 0x31, 0xE7, 0x82, 0xB9, 0x45, 0x32, 0x32, 0xE6, 0x97, 0xA5, 0x45, 0x32,
    0x32, 0xE7, 0x82, 0xB9, 0x45, 0x32, 0x33, 0xE6, 0x97, 0xA5, 0x45, 0x32, 0x33, 0xE7, 0x82, 0xB9,
    0x45, 0x32, 0x34, 0xE6, 0x97, 0xA5, 0x45, 0x32, 0x34, 0xE7, 0x82, 0xB9, 0x45, 0x32, 0x35, 0xE6,
    0x97, 0xA5, 0x45, 0x32, 0x36, 0xE6, 0x97, 0xA5, 0x45, 0x32, 0x37, 0xE6, 0x97, 0xA5, 0x45, 0x32,
    0x38, 0xE6, 0x97, 0xA5, 0x45, 0x32, 0x39, 0xE6, 0x97, 0xA5, 0x45, 0x32, 0xE2, 0x81, 0x84, 0x33,
    0x45, 0x32, 0xE2, 0x81, 0x84, 0x35, 0x45, 0x33, 0x30, 0xE6, 0x97, 0xA5, 0x45, 0x33, 0x31, 0xE6,
    0x97, 0xA5, 0x45, 0x33, 0xE2, 0x81, 0x84, 0x34, 0x45, 0x33, 0xE2, 0x81, 0x84, 0x35, 0x45, 0x33,
    0xE2, 0x81, 0x84, 0x38, 0x45, 0x34, 0xE2, 0x81, 0x84, 0x35, 0x45, 0x35, 0xE2, 0x81, 0x84, 0x36,
    0x45, 0x35, 0xE2, 0x81, 0x84, 0x38, 0x45, 0x37, 0xE2, 0x81, 0x84, 0x38, 0x45, 0x41, 0xE2, 0x88,
    0x95, 0x6D, 0x45, 0x56, 0xE2, 0x88, 0x95, 0x6D, 0x45, 0x6D, 0xE2, 0x88, 0x95, 0x73, 0x46, 0x31,
    0xE2, 0x81, 0x84, 0x31, 0x30, 0x46, 0x43, 0xE2, 0x88, 0x95, 0x6B, 0x67, 0x46, 0x6D, 0xE2, 0x88,
    0x95, 0x73, 0x32, 0x46, 0xD8, 0xA8, 0xD8, 0xAD, 0xD9, 0x8A, 0x46, 0xD8, 0xA8, 0xD8, 0xAE, 0xD9,
    0x8A, 0x46, 0xD8, 0xAA, 0xD8, 0xAC, 0xD9, 0x85, 0x46, 0xD8, 0xAA, 0xD8, 0xAC, 0xD9, 0x89, 0x46,
    0xD8, 0xAA, 0xD8, 0xAC, 0xD9, 0x8A, 0x46, 0xD8, 0xAA, 0xD8, 0xAD, 0xD8, 0xAC, 0x46, 0xD8, 0xAA,
    0xD8, 0xAD, 0xD9, 0x85, 0x46, 0xD8, 0xAA, 0xD8, 0xAE, 0xD9, 0x85, 0x46, 0xD8, 0xAA, 0xD8, 0xAE,
    0xD9, 0x89, 0x46, 0xD8, 0xAA, 0xD8, 0xAE, 0xD9, 0x8A, 0x46, 0xD8, 0xAA, 0xD9, 0x85, 0xD8, 0xAC,
    0x46, 0xD8, 0xAA, 0xD9, 0x85, 0xD8, 0xAD, 0x46, 0xD8, 0xAA, 0xD9, 0x85, 0xD8, 0xAE, 0x46, 0xD8,
    0xAA, 0xD9, 0x85, 0xD9, 0x89, 0x46, 0xD8, 0xAA, 0xD9, 0x85, 0xD9, 0x8A, 0x46, 0xD8, 0xAC, 0xD8,
    0xAD, 0xD9, 0x89, 0x46, 0xD8, 0xAC, 0xD8, 0xAD, 0xD9, 0x8A, 0x46, 0xD8, 0xAC, 0xD9, 0x85, 0xD8,
    0xAD, 0x46, 0xD8, 0xAC, 0xD9, 0x85, 0xD9, 0x89, 0x46, 0xD8, 0xAC, 0xD9, 0x85, 0xD9, 0x8A, 0x46,
    0xD8, 0xAD, 0xD8, 0xAC, 0xD9, 0x8A, 0x46, 0xD8, 0xAD, 0xD9, 0x85, 0xD9, 0x89, 0x46, 0xD8, 0xAD,
    0xD9, 0x85, 0xD9, 0x8A, 0x46, 0xD8, 0xB3, 0xD8, 0xAC, 0xD8, 0xAD, 0x46, 0xD8, 0xB3, 0xD8, 0xAC,
    0xD9, 0x89, 0x46, 0xD8, 0xB3, 0xD8, 0xAD, 0xD8, 0xAC, 0x46, 0xD8, 0xB3, 0xD8, 0xAE, 0xD9, 0x89,
    0x46, 0xD8, 0xB3, 0xD8, 0xAE, 0xD9, 0x8A, 0x46, 0xD8, 0xB3, 0xD9, 0x85, 0xD8, 0xAC, 0x46, 0xD8,
    0xB3, 0xD9, 0x85, 0xD8, 0xAD, 0x46, 0xD8, 0xB3, 0xD9, 0x85, 0xD9, 0x85, 0x46, 0xD8, 0xB4, 0xD8,
    0xAC, 0xD9, 0x8A, 0x46, 0xD8, 0xB4, 0xD8, 0xAD, 0xD9, 0x85, 0x46, 0xD8, 0xB4, 0xD8, 0xAD, 0xD9,
    0x8A, 0x46, 0xD8, 0xB4, 0xD9, 0x85, 0xD8, 0xAE, 0x46, 0xD8, 0xB4, 0xD9, 0x85, 0xD9, 0x85, 0x46,
    0xD8, 0xB5, 0xD8, 0xAD, 0xD8, 0xAD, 0x46, 0xD8, 0xB5, 0xD8, 0xAD, 0xD9, 0x8A, 0x46, 0xD8, 0xB5,
    0xD9, 0x84, 0xD9, 0x89, 0x46, 0xD8, 0xB5, 0xD9, 0x84, 0xDB, 0x92, 0x46, 0xD8, 0xB5, 0xD9, 0x85,
    0xD9, 0x85, 0x46, 0xD8, 0xB6, 0xD8, 0xAD, 0xD9, 0x89, 0x46, 0xD8, 0xB6, 0xD8, 0xAD, 0xD9, 0x8A,
    0x46, 0xD8, 0xB6, 0xD8, 0xAE, 0xD9, 0x85, 0x46, 0xD8, 0xB7, 0xD9, 0x85, 0xD8, 0xAD, 0x46, 0xD8,
    0xB7, 0xD9, 0x85, 0xD9, 0x85, 0x46, 0xD8, 0xB7, 0xD9, 0x85, 0xD9, 0x8A, 0x46, 0xD8, 0xB9, 0xD8,
    0xAC, 0xD9, 0x85, 0x46, 0xD8, 0xB9, 0xD9, 0x85, 0xD9, 0x85, 0x46, 0xD8, 0xB9, 0xD9, 0x85, 0xD9,
    0x89, 0x46, 0xD8, 0xB9, 0xD9, 0x85, 0xD9, 0x8A, 0x46, 0xD8, 0xBA, 0xD9, 0x85, 0xD9, 0x85, 0x46,
    0xD8, 0xBA, 0xD9, 0x85, 0xD9, 0x89, 0x46, 0xD8, 0xBA, 0xD9, 0x85, 0xD9, 0x8A, 0x46, 0xD9, 0x81,
    0xD8, 0xAE, 0xD9, 0x85, 0x46, 0xD9, 0x81, 0xD9, 0x85, 0xD9, 0x8A, 0x46, 0xD9, 0x82, 0xD9, 0x84,
    0xDB, 0x92, 0x46, 0xD9, 0x82, 0xD9, 0x85, 0xD8, 0xAD, 0x46, 0xD9, 0x82, 0xD9, 0x85, 0xD9, 0x85,
    0x46, 0xD9, 0x82, 0xD9, 0x85, 0xD9, 0x8A, 0x46, 0xD9, 0x83, 0xD9, 0x85, 0xD9, 0x85, 0x46, 0xD9,
    0x83, 0xD9, 0x85, 0xD9, 0x8A, 0x46, 0xD9, 0x84, 0xD8, 0xAC, 0xD8, 0xAC, 0x46, 0xD9, 0x84, 0xD8,
    0xAC, 0xD9, 0x85, 0x46, 0xD9, 0x84, 0xD8, 0xAC, 0xD9, 0x8A, 0x46, 0xD9, 0x84, 0xD8, 0xAD, 0xD9,
    0x85, 0x46, 0xD9, 0x84, 0xD8, 0xAD, 0xD9, 0x89, 0x46, 0xD9, 0x84, 0xD8, 0xAD, 0xD9, 0x8A, 0x46,
    0xD9, 0x84, 0xD8, 0xAE, 0xD9, 0x85, 0x46, 0xD9, 0x84, 0xD9, 0x85, 0xD8, 0xAD, 0x46, 0xD9, 0x84,
    0xD9, 0x85, 0xD9, 0x8A, 0x46, 0xD9, 0x85, 0xD8, 0xAC, 0xD8, 0xAD, 0x46, 0xD9, 0x85, 0xD8, 0xAC,
    0xD8, 0xAE, 0x46, 0xD9, 0x85, 0xD8, 0xAC, 0xD9, 0x85, 0x46, 0xD9, 0x85, 0xD8, 0xAC, 0xD9, 0x8A,
    0x46, 0xD9, 0x85, 0xD8, 0xAD, 0xD8, 0xAC, 0x46, 0xD9, 0x85, 0xD8, 0xAD, 0xD9, 0x85, 0x46, 0xD9,
    0x85, 0xD8, 0xAD, 0xD9, 0x8A, 0x46, 0xD9, 0x85, 0xD8, 0xAE, 0xD8, 0xAC, 0x46, 0xD9, 0x85, 0xD8,
    0xAE, 0xD9, 0x85, 0x46, 0xD9, 0x85, 0xD8, 0xAE, 0xD9, 0x8A, 0x46, 0xD9, 0x85, 0xD9, 0x85, 0xD9,
    0x8A, 0x46, 0xD9, 0x86, 0xD8, 0xAC, 0xD8, 0xAD, 0x46, 0xD9, 0x86, 0xD8, 0xAC, 0xD9, 0x85, 0x46,
    0xD9, 0x86, 0xD8, 0xAC, 0xD9, 0x89, 0x46, 0xD9, 0x86, 0xD8, 0xAC, 0xD9, 0x8A, 0x46, 0xD9, 0x86,
    0xD8, 0xAD, 0xD9, 0x85, 0x46, 0xD9, 0x86, 0xD8, 0xAD, 0xD9, 0x89, 0x46, 0xD9, 0x86, 0xD8, 0xAD,
    0xD9, 0x8A, 0x46, 0xD9, 0x86, 0xD9, 0x85, 0xD9, 0x89, 0x46, 0xD9, 0x86, 0xD9, 0x85, 0xD9, 0x8A,
    0x46, 0xD9, 0x87, 0xD9, 0x85, 0xD8, 0xAC, 0x46, 0xD9, 0x87, 0xD9, 0x85, 0xD9, 0x85, 0x46, 0xD9,
    0x8A, 0xD8, 0xAC, 0xD9, 0x8A, 0x46, 0xD9, 0x8A, 0xD8, 0xAD, 0xD9, 0x8A, 0x46, 0xD9, 0x8A, 0xD9,
    0x85, 0xD9, 0x85, 0x46, 0xD9, 0x8A, 0xD9, 0x85, 0xD9, 0x8A, 0x46, 0xD9, 0x8A, 0xD9, 0x94, 0xD8,
    0xA7, 0x46, 0xD9, 0x8A, 0xD9, 0x94, 0xD8, 0xAC, 0x46, 0xD9, 0x8A, 0xD9, 0x94, 0xD8, 0xAD, 0x46,
    0xD9, 0x8A, 0xD9, 0x94, 0xD8, 0xAE, 0x46, 0xD9, 0x8A, 0xD9, 0x94, 0xD8, 0xB1, 0x46, 0xD9, 0x8A,
    0xD9, 0x94, 0xD8, 0xB2, 0x46, 0xD9, 0x8A, 0xD9, 0x94, 0xD9, 0x85, 0x46, 0xD9, 0x8A, 0xD9, 0x94,
    0xD9, 0x86, 0x46, 0xD9, 0x8A, 0xD9, 0x94, 0xD9, 0x87, 0x46, 0xD9, 0x8A, 0xD9, 0x94, 0xD9, 0x88,
    0x46, 0xD9, 0x8A, 0xD9, 0x94, 0xD9, 0x89, 0x46, 0xD9, 0x8A, 0xD9, 0x94, 0xD9, 0x8A, 0x46, 0xD9,
    0x8A, 0xD9, 0x94, 0xDB, 0x86, 0x46, 0xD9, 0x8A, 0xD9, 0x94, 0xDB, 0x87, 0x46, 0xD9, 0x8A, 0xD9,
    0x94, 0xDB, 0x88, 0x46, 0xD9, 0x8A, 0xD9, 0x94, 0xDB, 0x90, 0x46, 0xD9, 0x8A, 0xD9, 0x94, 0xDB,
    0x95, 0x46, 0xE0, 0xB9, 0x8D, 0xE0, 0xB8, 0xB2, 0x46, 0xE0, 0xBA, 0xAB, 0xE0, 0xBA, 0x99, 0x46,
    0xE0, 0xBA, 0xAB, 0xE0, 0xBA, 0xA1, 0x46, 0xE0, 0xBB, 0x8D, 0xE0, 0xBA, 0xB2, 0x46, 0xE0, 0xBD,
    0x80, 0xE0, 0xBE, 0xB5, 0x46, 0xE0, 0xBD, 0x82, 0xE0, 0xBE, 0xB7, 0x46, 0xE0, 0xBD, 0x8C, 0xE0,
    0xBE, 0xB7, 0x46, 0xE0, 0xBD, 0x91, 0xE0, 0xBE, 0xB7, 0x46, 0xE0, 0xBD, 0x96, 0xE0, 0xBE, 0xB7,
    0x46, 0xE0, 0xBD, 0x9B, 0xE0, 0xBE, 0xB7, 0x46, 0xE0, 0xBE, 0x90, 0xE0, 0xBE, 0xB5, 0x46, 0xE0,
    0xBE, 0x92, 0xE0, 0xBE, 0xB7, 0x46, 0xE0, 0xBE, 0x9C, 0xE0, 0xBE, 0xB7, 0x46, 0xE0, 0xBE, 0xA1,
    0xE0, 0xBE, 0xB7, 0x46, 0xE0, 0xBE, 0xA6, 0xE0, 0xBE, 0xB7, 0x46, 0xE0, 0xBE, 0xAB, 0xE0, 0xBE,
    0xB7, 0x46, 0xE2, 0x80, 0xB2, 0xE2, 0x80, 0xB2, 0x46, 0xE2, 0x80, 0xB5, 0xE2, 0x80, 0xB5, 0x46,
    0xE2, 0x88, 0xAB, 0xE2, 0x88, 0xAB, 0x46, 0xE2, 0x88, 0xAE, 0xE2, 0x88, 0xAE, 0x46, 0xE3, 0x81,
    0xBB, 0xE3, 0x81, 0x8B, 0x46, 0xE3, 0x82, 0x88, 0xE3, 0x82, 0x8A, 0x46, 0xE3, 0x82, 0xAD, 0xE3,
    0x83, 0xAD, 0x46, 0xE3, 0x82, 0xB3, 0xE3, 0x82, 0xB3, 0x46, 0xE3, 0x82, 0xB3, 0xE3, 0x83, 0x88,
    0x46, 0xE3, 0x83, 0x88, 0xE3, 0x83, 0xB3, 0x46, 0xE3, 0x83, 0x8A, 0xE3, 0x83, 0x8E, 0x46, 0xE3,
    0x83, 0x9B, 0xE3, 0x83, 0xB3, 0x46, 0xE3, 0x83, 0x9F, 0xE3, 0x83, 0xAA, 0x46, 0xE3, 0x83, 0xAA,
    0xE3, 0x83, 0xA9, 0x46, 0xE3, 0x83, 0xAC, 0xE3, 0x83, 0xA0, 0x46, 0xE4, 0xBB, 0xA4, 0xE5, 0x92,
    0x8C, 0x46, 0xE5, 0xA4, 0xA7, 0xE6, 0xAD, 0xA3, 0x46, 0xE5, 0xB9, 0xB3, 0xE6, 0x88, 0x90, 0x46,
    0xE6, 0x98, 0x8E, 0xE6, 0xB2, 0xBB, 0x46, 0xE6, 0x98, 0xAD, 0xE5, 0x92, 0x8C, 0x47, 0x72, 0x61,
    0x64, 0xE2, 0x88, 0x95, 0x73, 0x47, 0xE3, 0x80, 0x94, 0x53, 0xE3, 0x80, 0x95, 0x48, 0x28, 0xE1,
    0x84, 0x80, 0xE1, 0x85, 0xA1, 0x29, 0x48, 0x28, 0xE1, 0x84, 0x82, 0xE1, 0x85, 0xA1, 0x29, 0x48,
    0x28, 0xE1, 0x84, 0x83, 0xE1, 0x85, 0xA1, 0x29, 0x48, 0x28, 0xE1, 0x84, 0x85, 0xE1, 0x85, 0xA1,
    0x29, 0x48, 0x28, 0xE1, 0x84, 0x86, 0xE1, 0x85, 0xA1, 0x29, 0x48, 0x28, 0xE1, 0x84, 0x87, 0xE1,
    0x85, 0xA1, 0x29, 0x48, 0x28, 0xE1, 0x84, 0x89, 0xE1, 0x85, 0xA1, 0x29, 0x48, 0x28, 0xE1, 0x84,
    0x8B, 0xE1, 0x85, 0xA1, 0x29, 0x48, 0x28, 0xE1, 0x84, 0x8C, 0xE1, 0x85, 0xA1, 0x29, 0x48, 0x28,
    0xE1, 0x84, 0x8C, 0xE1, 0x85, 0xAE, 0x29, 0x48, 0x28, 0xE1, 0x84, 0x8E, 0xE1, 0x85, 0xA1, 0x29,
    0x48, 0x28, 0xE1, 0x84, 0x8F, 0xE1, 0x85, 0xA1, 0x29, 0x48, 0x28, 0xE1, 0x84, 0x90, 0xE1, 0x85,
    0xA1, 0x29, 0x48, 0x28, 0xE1, 0x84, 0x91, 0xE1, 0x85, 0xA1, 0x29, 0x48, 0x28, 0xE1, 0x84, 0x92,
    0xE1, 0x85, 0xA1, 0x29, 0x48, 0x72, 0x61, 0x64, 0xE2, 0x88, 0x95, 0x73, 0x32, 0x48, 0xD8, 0xA7,
    0xD9, 0x83, 0xD8, 0xA8, 0xD8, 0xB1, 0x48, 0xD8, 0xA7, 0xD9, 0x84, 0xD9, 0x84, 0xD9, 0x87, 0x48,
    0xD8, 0xB1, 0xD8, 0xB3, 0xD9, 0x88, 0xD9, 0x84, 0x48, 0xD8, 0xB1, 0xDB, 0x8C, 0xD8, 0xA7, 0xD9,
    0x84, 0x48, 0xD8, 0xB5, 0xD9, 0x84, 0xD8, 0xB9, 0xD9, 0x85, 0x48, 0xD8, 0xB9, 0xD9, 0x84, 0xD9,
    0x8A, 0xD9, 0x87, 0x48, 0xD9, 0x85, 0xD8, 0xAD, 0xD9, 0x85, 0xD8, 0xAF, 0x48, 0xD9, 0x88, 0xD8,
    0xB3, 0xD9, 0x84, 0xD9, 0x85, 0x49, 0xE2, 0x80, 0xB2, 0xE2, 0x80, 0xB2, 0xE2, 0x80, 0xB2, 0x49,
    0xE2, 0x80, 0xB5, 0xE2, 0x80, 0xB5, 0xE2, 0x80, 0xB5, 0x49, 0xE2, 0x88, 0xAB, 0xE2, 0x88, 0xAB,
    0xE2, 0x88, 0xAB, 0x49, 0xE2, 0x88, 0xAE, 0xE2, 0x88, 0xAE, 0xE2, 0x88, 0xAE, 0x49, 0xE3, 0x80,
    0x94, 0xE4, 0xB8, 0x89, 0xE3, 0x80, 0x95, 0x49, 0xE3, 0x80, 0x94, 0xE4, 0xBA, 0x8C, 0xE3, 0x80,
    0x95, 0x49, 0xE3, 0x80, 0x94, 0xE5, 0x8B, 0x9D, 0xE3, 0x80, 0x95, 0x49, 0xE3, 0x80, 0x94, 0xE5,
    0xAE, 0x89, 0xE3, 0x80, 0x95, 0x49, 0xE3, 0x80, 0x94, 0xE6, 0x89, 0x93, 0xE3, 0x80, 0x95, 0x49,
    0xE3, 0x80, 0x94, 0xE6, 0x95, 0x97, 0xE3, 0x80, 0x95, 0x49, 0xE3, 0x80, 0x94, 0xE6, 0x9C, 0xAC,
    0xE3, 0x80, 0x95, 0x49, 0xE3, 0x80, 0x94, 0xE7, 0x82, 0xB9, 0xE3, 0x80, 0x95, 0x49, 0xE3, 0x80,
    0x94, 0xE7, 0x9B, 0x97, 0xE3, 0x80, 0x95, 0x49, 0xE3, 0x82, 0xA2, 0xE3, 0x83, 0xBC, 0xE3, 0x83,
    0xAB, 0x49, 0xE3, 0x82, 0xA4, 0xE3, 0x83, 0xB3, 0xE3, 0x83, 0x81, 0x49, 0xE3, 0x82, 0xA6, 0xE3,
    0x82, 0xA9, 0xE3, 0x83, 0xB3, 0x49, 0xE3, 0x82, 0xAA, 0xE3, 0x83, 0xB3, 0xE3, 0x82, 0xB9, 0x49,
    0xE3, 0x82, 0xAA, 0xE3, 0x83, 0xBC, 0xE3, 0x83, 0xA0, 0x49, 0xE3, 0x82, 0xAB, 0xE3, 0x82, 0xA4,
    0xE3, 0x83, 0xAA, 0x49, 0xE3, 0x82, 0xB1, 0xE3, 0x83, 0xBC, 0xE3, 0x82, 0xB9, 0x49, 0xE3, 0x82,
    0xB3, 0xE3, 0x83, 0xAB, 0xE3, 0x83, 0x8A, 0x49, 0xE3, 0x82, 0xBB, 0xE3, 0x83, 0xB3, 0xE3, 0x83,
    0x81, 0x49, 0xE3, 0x82, 0xBB, 0xE3, 0x83, 0xB3, 0xE3, 0x83, 0x88, 0x49, 0xE3, 0x83, 0x86, 0xE3,
    0x82, 0x99, 0xE3, 0x82, 0xB7, 0x49, 0xE3, 0x83, 0x88, 0xE3, 0x82, 0x99, 0xE3, 0x83, 0xAB, 0x49,
    0xE3, 0x83, 0x8E, 0xE3, 0x83, 0x83, 0xE3, 0x83, 0x88, 0x49, 0xE3, 0x83, 0x8F, 0xE3, 0x82, 0xA4,
    0xE3, 0x83, 0x84, 0x49, 0xE3, 0x83, 0x92, 0xE3, 0x82, 0x99, 0xE3, 0x83, 0xAB, 0x49, 0xE3, 0x83,
    0x92, 0xE3, 0x82, 0x9A, 0xE3, 0x82, 0xB3, 0x49, 0xE3, 0x83, 0x95, 0xE3, 0x83, 0xA9, 0xE3, 0x83,
    0xB3, 0x49, 0xE3, 0x83, 0x98, 0xE3, 0x82, 0x9A, 0xE3, 0x82, 0xBD, 0x49, 0xE3, 0x83, 0x98, 0xE3,
    0x83, 0xAB, 0xE3, 0x83, 0x84, 0x49, 0xE3, 0x83, 0x9B, 0xE3, 0x83, 0xBC, 0xE3, 0x83, 0xAB, 0x49,
    0xE3, 0x83, 0x9B, 0xE3, 0x83, 0xBC, 0xE3, 0x83, 0xB3, 0x49, 0xE3, 0x83, 0x9E, 0xE3, 0x82, 0xA4,
    0xE3, 0x83, 0xAB, 0x49, 0xE3, 0x83, 0x9E, 0xE3, 0x83, 0x83, 0xE3, 0x83, 0x8F, 0x49, 0xE3, 0x83,
    0x9E, 0xE3, 0x83, 0xAB, 0xE3, 0x82, 0xAF, 0x49, 0xE3, 0x83, 0xA4, 0xE3, 0x83, 0xBC, 0xE3, 0x83,
    0xAB, 0x49, 0xE3, 0x83, 0xA6, 0xE3, 0x82, 0xA2, 0xE3, 0x83, 0xB3, 0x49, 0xE3, 0x83, 0xAF, 0xE3,
    0x83, 0x83, 0xE3, 0x83, 0x88, 0x4C, 0xE2, 0x80, 0xB2, 0xE2, 0x80, 0xB2, 0xE2, 0x80, 0xB2, 0xE2,
    0x80, 0xB2, 0x4C, 0xE2, 0x88, 0xAB, 0xE2, 0x88, 0xAB, 0xE2, 0x88, 0xAB, 0xE2, 0x88, 0xAB, 0x4C,
    0xE3, 0x82, 0xA2, 0xE3, 0x83, 0xAB, 0xE3, 0x83, 0x95, 0xE3, 0x82, 0xA1, 0x4C, 0xE3, 0x82, 0xA8,
    0xE3, 0x83, 0xBC, 0xE3, 0x82, 0xAB, 0xE3, 0x83, 0xBC, 0x4C, 0xE3, 0x82, 0xAB, 0xE3, 0x82, 0x99,
    0xE3, 0x83, 0xAD, 0xE3, 0x83, 0xB3, 0x4C, 0xE3, 0x82, 0xAB, 0xE3, 0x82, 0x99, 0xE3, 0x83, 0xB3,
    0xE3, 0x83, 0x9E, 0x4C, 0xE3, 0x82, 0xAB, 0xE3, 0x83, 0xA9, 0xE3, 0x83, 0x83, 0xE3, 0x83, 0x88,
    0x4C, 0xE3, 0x82, 0xAB, 0xE3, 0x83, 0xAD, 0xE3, 0x83, 0xAA, 0xE3, 0x83, 0xBC, 0x4C, 0xE3, 0x82,
    0xAD, 0xE3, 0x82, 0x99, 0xE3, 0x83, 0x8B, 0xE3, 0x83, 0xBC, 0x4C, 0xE3, 0x82, 0xAD, 0xE3, 0x83,
    0xA5, 0xE3, 0x83, 0xAA, 0xE3, 0x83, 0xBC, 0x4C, 0xE3, 0x82, 0xAF, 0xE3, 0x82, 0x99, 0xE3, 0x83,
    0xA9, 0xE3, 0x83, 0xA0, 0x4C, 0xE3, 0x82, 0xAF, 0xE3, 0x83, 0xAD, 0xE3, 0x83, 0xBC, 0xE3, 0x83,
    0x8D, 0x4C, 0xE3, 0x82, 0xB5, 0xE3, 0x82, 0xA4, 0xE3, 0x82, 0xAF, 0xE3, 0x83, 0xAB, 0x4C, 0xE3,
    0x82, 0xBF, 0xE3, 0x82, 0x99, 0xE3, 0x83, 0xBC, 0xE3, 0x82, 0xB9, 0x4C, 0xE3, 0x83, 0x8F, 0xE3,
    0x82, 0x9A, 0xE3, 0x83, 0xBC, 0xE3, 0x83, 0x84, 0x4C, 0xE3, 0x83, 0x92, 0xE3, 0x82, 0x9A, 0xE3,
    0x82, 0xAF, 0xE3, 0x83, 0xAB, 0x4C, 0xE3, 0x83, 0x95, 0xE3, 0x82, 0xA3, 0xE3, 0x83, 0xBC, 0xE3,
    0x83, 0x88, 0x4C, 0xE3, 0x83, 0x98, 0xE3, 0x82, 0x99, 0xE3, 0x83, 0xBC, 0xE3, 0x82, 0xBF, 0x4C,
    0xE3, 0x83, 0x98, 0xE3, 0x82, 0x9A, 0xE3, 0x83, 0x8B, 0xE3, 0x83, 0x92, 0x4C, 0xE3, 0x83, 0x98,
    0xE3, 0x82, 0x9A, 0xE3, 0x83, 0xB3, 0xE3, 0x82, 0xB9, 0x4C, 0xE3, 0x83, 0x9B, 0xE3, 0x82, 0x99,
    0xE3, 0x83, 0xAB, 0xE3, 0x83, 0x88, 0x4C, 0xE3, 0x83, 0x9E, 0xE3, 0x82, 0xA4, 0xE3, 0x82, 0xAF,
    0xE3, 0x83, 0xAD, 0x4C, 0xE3, 0x83, 0x9F, 0xE3, 0x82, 0xAF, 0xE3, 0x83, 0xAD, 0xE3, 0x83, 0xB3,
    0x4C, 0xE3, 0x83, 0xA1, 0xE3, 0x83, 0xBC, 0xE3, 0x83, 0x88, 0xE3, 0x83, 0xAB, 0x4C, 0xE3, 0x83,
    0xAA, 0xE3, 0x83, 0x83, 0xE3, 0x83, 0x88, 0xE3, 0x83, 0xAB, 0x4C, 0xE3, 0x83, 0xAB, 0xE3, 0x83,
    0x92, 0xE3, 0x82, 0x9A, 0xE3, 0x83, 0xBC, 0x4C, 0xE6, 0xA0, 0xAA, 0xE5, 0xBC, 0x8F, 0xE4, 0xBC,
    0x9A, 0xE7, 0xA4, 0xBE, 0x4E, 0x28, 0xE1, 0x84, 0x8B, 0xE1, 0x85, 0xA9, 0xE1, 0x84, 0x92, 0xE1,
    0x85, 0xAE, 0x29, 0x4F, 0xD8, 0xAC, 0xD9, 0x84, 0x20, 0xD8, 0xAC, 0xD9, 0x84, 0xD8, 0xA7, 0xD9,
    0x84, 0xD9, 0x87, 0x4F, 0xE3, 0x82, 0xA2, 0xE3, 0x83, 0x8F, 0xE3, 0x82, 0x9A, 0xE3, 0x83, 0xBC,
    0xE3, 0x83, 0x88, 0x4F, 0xE3, 0x82, 0xA2, 0xE3, 0x83, 0xB3, 0xE3, 0x83, 0x98, 0xE3, 0x82, 0x9A,
    0xE3, 0x82, 0xA2, 0x4F, 0xE3, 0x82, 0xAD, 0xE3, 0x83, 0xAD, 0xE3, 0x83, 0xAF, 0xE3, 0x83, 0x83,
    0xE3, 0x83, 0x88, 0x4F, 0xE3, 0x82, 0xB5, 0xE3, 0x83, 0xB3, 0xE3, 0x83, 0x81, 0xE3, 0x83, 0xBC,
    0xE3, 0x83, 0xA0, 0x4F, 0xE3, 0x83, 0x8F, 0xE3, 0x82, 0x99, 0xE3, 0x83, 0xBC, 0xE3, 0x83, 0xAC,
    0xE3, 0x83, 0xAB, 0x4F, 0xE3, 0x83, 0x98, 0xE3, 0x82, 0xAF, 0xE3, 0x82, 0xBF, 0xE3, 0x83, 0xBC,
    0xE3, 0x83, 0xAB, 0x4F, 0xE3, 0x83, 0x9B, 0xE3, 0x82, 0x9A, 0xE3, 0x82, 0xA4, 0xE3, 0x83, 0xB3,
    0xE3, 0x83, 0x88, 0x4F, 0xE3, 0x83, 0x9E, 0xE3, 0x83, 0xB3, 0xE3, 0x82, 0xB7, 0xE3, 0x83, 0xA7,
    0xE3, 0x83, 0xB3, 0x4F, 0xE3, 0x83, 0xA1, 0xE3, 0x82, 0xAB, 0xE3, 0x82, 0x99, 0xE3, 0x83, 0x88,
    0xE3, 0x83, 0xB3, 0x4F, 0xE3, 0x83, 0xAB, 0xE3, 0x83, 0xBC, 0xE3, 0x83, 0x95, 0xE3, 0x82, 0x99,
    0xE3, 0x83, 0xAB, 0x51, 0x28, 0xE1, 0x84, 0x8B, 0xE1, 0x85, 0xA9, 0xE1, 0x84, 0x8C, 0xE1, 0x85,
    0xA5, 0xE1, 0x86, 0xAB, 0x29, 0x52, 0xE3, 0x82, 0xAD, 0xE3, 0x82, 0x99, 0xE3, 0x83, 0xAB, 0xE3,
    0x82, 0xBF, 0xE3, 0x82, 0x99, 0xE3, 0x83, 0xBC, 0x52, 0xE3, 0x82, 0xAD, 0xE3, 0x83, 0xAD, 0xE3,
    0x82, 0xAF, 0xE3, 0x82, 0x99, 0xE3, 0x83, 0xA9, 0xE3, 0x83, 0xA0, 0x52, 0xE3, 0x82, 0xAD, 0xE3,
    0x83, 0xAD, 0xE3, 0x83, 0xA1, 0xE3, 0x83, 0xBC, 0xE3, 0x83, 0x88, 0xE3, 0x83, 0xAB, 0x52, 0xE3,
    0x82, 0xAF, 0xE3, 0x82, 0x99, 0xE3, 0x83, 0xA9, 0xE3, 0x83, 0xA0, 0xE3, 0x83, 0x88, 0xE3, 0x83,
    0xB3, 0x52, 0xE3, 0x82, 0xAF, 0xE3, 0x83, 0xAB, 0xE3, 0x82, 0xBB, 0xE3, 0x82, 0x99, 0xE3, 0x82,
    0xA4, 0xE3, 0x83, 0xAD, 0x52, 0xE3, 0x83, 0x8F, 0xE3, 0x82, 0x9A, 0xE3, 0x83, 0xBC, 0xE3, 0x82,
    0xBB, 0xE3, 0x83, 0xB3, 0xE3, 0x83, 0x88, 0x52, 0xE3, 0x83, 0x92, 0xE3, 0x82, 0x9A, 0xE3, 0x82,
    0xA2, 0xE3, 0x82, 0xB9, 0xE3, 0x83, 0x88, 0xE3, 0x83, 0xAB, 0x52, 0xE3, 0x83, 0x95, 0xE3, 0x82,
    0x99, 0xE3, 0x83, 0x83, 0xE3, 0x82, 0xB7, 0xE3, 0x82, 0xA7, 0xE3, 0x83, 0xAB, 0x52, 0xE3, 0x83,
    0x9F, 0xE3, 0x83, 0xAA, 0xE3, 0x83, 0x8F, 0xE3, 0x82, 0x99, 0xE3, 0x83, 0xBC, 0xE3, 0x83, 0xAB,
    0x52, 0xE3, 0x83, 0xAC, 0xE3, 0x83, 0xB3, 0xE3, 0x83, 0x88, 0xE3, 0x82, 0xB1, 0xE3, 0x82, 0x99,
    0xE3, 0x83, 0xB3, 0x61, 0xD8, 0xB5, 0xD9, 0x84, 0xD9, 0x89, 0x20, 0xD8, 0xA7, 0xD9, 0x84, 0xD9,
    0x84, 0xD9, 0x87, 0x20, 0xD8, 0xB9, 0xD9, 0x84, 0xD9, 0x8A, 0xD9, 0x87, 0x20, 0xD9, 0x88, 0xD8,
    0xB3, 0xD9, 0x84, 0xD9, 0x85, 0x06, 0xE0, 0xA7, 0x87, 0xE0, 0xA6, 0xBE, 0x01, 0x06, 0xE0, 0xA7,
    0x87, 0xE0, 0xA7, 0x97, 0x01, 0x06, 0xE0, 0xAD, 0x87, 0xE0, 0xAC, 0xBE, 0x01, 0x06, 0xE0, 0xAD,
    0x87, 0xE0, 0xAD, 0x96, 0x01, 0x06, 0xE0, 0xAD, 0x87, 0xE0, 0xAD, 0x97, 0x01, 0x06, 0xE0, 0xAE,
    0x92, 0xE0, 0xAF, 0x97, 0x01, 0x06, 0xE0, 0xAF, 0x86, 0xE0, 0xAE, 0xBE, 0x01, 0x06, 0xE0, 0xAF,
    0x86, 0xE0, 0xAF, 0x97, 0x01, 0x06, 0xE0, 0xAF, 0x87, 0xE0, 0xAE, 0xBE, 0x01, 0x06, 0xE0, 0xB2,
    0xBF, 0xE0, 0xB3, 0x95, 0x01, 0x06, 0xE0, 0xB3, 0x86, 0xE0, 0xB3, 0x95, 0x01, 0x06, 0xE0, 0xB3,
    0x86, 0xE0, 0xB3, 0x96, 0x01, 0x06, 0xE0, 0xB5, 0x86, 0xE0, 0xB4, 0xBE, 0x01, 0x06, 0xE0, 0xB5,
    0x86, 0xE0, 0xB5, 0x97, 0x01, 0x06, 0xE0, 0xB5, 0x87, 0xE0, 0xB4, 0xBE, 0x01, 0x06, 0xE0, 0xB7,
    0x99, 0xE0, 0xB7, 0x9F, 0x01, 0x06, 0xE1, 0x80, 0xA5, 0xE1, 0x80, 0xAE, 0x01, 0x06, 0xE1, 0xAC,
    0x85, 0xE1, 0xAC, 0xB5, 0x01, 0x06, 0xE1, 0xAC, 0x87, 0xE1, 0xAC, 0xB5, 0x01, 0x06, 0xE1, 0xAC,
    0x89, 0xE1, 0xAC, 0xB5, 0x01, 0x06, 0xE1, 0xAC, 0x8B, 0xE1, 0xAC, 0xB5, 0x01, 0x06, 0xE1, 0xAC,
    0x8D, 0xE1, 0xAC, 0xB5, 0x01, 0x06, 0xE1, 0xAC, 0x91, 0xE1, 0xAC, 0xB5, 0x01, 0x06, 0xE1, 0xAC,
    0xBA, 0xE1, 0xAC, 0xB5, 0x01, 0x06, 0xE1, 0xAC, 0xBC, 0xE1, 0xAC, 0xB5, 0x01, 0x06, 0xE1, 0xAC,
    0xBE, 0xE1, 0xAC, 0xB5, 0x01, 0x06, 0xE1, 0xAC, 0xBF, 0xE1, 0xAC, 0xB5, 0x01, 0x06, 0xE1, 0xAD,
    0x82, 0xE1, 0xAC, 0xB5, 0x01, 0x08, 0xF0, 0x91, 0x84, 0xB1, 0xF0, 0x91, 0x84, 0xA7, 0x01, 0x08,
    0xF0, 0x91, 0x84, 0xB2, 0xF0, 0x91, 0x84, 0xA7, 0x01, 0x08, 0xF0, 0x91, 0x8D, 0x87, 0xF0, 0x91,
    0x8C, 0xBE, 0x01, 0x08, 0xF0, 0x91, 0x8D, 0x87, 0xF0, 0x91, 0x8D, 0x97, 0x01, 0x08, 0xF0, 0x91,
    0x92, 0xB9, 0xF0, 0x91, 0x92, 0xB0, 0x01, 0x08, 0xF0, 0x91, 0x92, 0xB9, 0xF0, 0x91, 0x92, 0xBA,
    0x01, 0x08, 0xF0, 0x91, 0x92, 0xB9, 0xF0, 0x91, 0x92, 0xBD, 0x01, 0x08, 0xF0, 0x91, 0x96, 0xB8,
    0xF0, 0x91, 0x96, 0xAF, 0x01, 0x08, 0xF0, 0x91, 0x96, 0xB9, 0xF0, 0x91, 0x96, 0xAF, 0x01, 0x08,
    0xF0, 0x91, 0xA4, 0xB5, 0xF0, 0x91, 0xA4, 0xB0, 0x01, 0x09, 0xE0, 0xB3, 0x86, 0xE0, 0xB3, 0x82,
    0xE0, 0xB3, 0x95, 0x02, 0x09, 0xE0, 0xB7, 0x99, 0xE0, 0xB7, 0x8F, 0xE0, 0xB7, 0x8A, 0x16, 0x44,
    0x44, 0x5A, 0xCC, 0x8C, 0xCD, 0x44, 0x44, 0x7A, 0xCC, 0x8C, 0xCD, 0x44, 0x64, 0x7A, 0xCC, 0x8C,
    0xCD, 0x46, 0xD9, 0x84, 0xD8, 0xA7, 0xD9, 0x93, 0xCD, 0x46, 0xD9, 0x84, 0xD8, 0xA7, 0xD9, 0x94,
    0xCD, 0x46, 0xD9, 0x84, 0xD8, 0xA7, 0xD9, 0x95, 0xB9, 0x46, 0xE1, 0x84, 0x80, 0xE1, 0x85, 0xA1,
    0x01, 0x46, 0xE1, 0x84, 0x82, 0xE1, 0x85, 0xA1, 0x01, 0x46, 0xE1, 0x84, 0x83, 0xE1, 0x85, 0xA1,
    0x01, 0x46, 0xE1, 0x84, 0x85, 0xE1, 0x85, 0xA1, 0x01, 0x46, 0xE1, 0x84, 0x86, 0xE1, 0x85, 0xA1,
    0x01, 0x46, 0xE1, 0x84, 0x87, 0xE1, 0x85, 0xA1, 0x01, 0x46, 0xE1, 0x84, 0x89, 0xE1, 0x85, 0xA1,
    0x01, 0x46, 0xE1, 0x84, 0x8B, 0xE1, 0x85, 0xA1, 0x01, 0x46, 0xE1, 0x84, 0x8B, 0xE1, 0x85, 0xAE,
    0x01, 0x46, 0xE1, 0x84, 0x8C, 0xE1, 0x85, 0xA1, 0x01, 0x46, 0xE1, 0x84, 0x8E, 0xE1, 0x85, 0xA1,
    0x01, 0x46, 0xE1, 0x84, 0x8F, 0xE1, 0x85, 0xA1, 0x01, 0x46, 0xE1, 0x84, 0x90, 0xE1, 0x85, 0xA1,
    0x01, 0x46, 0xE1, 0x84, 0x91, 0xE1, 0x85, 0xA1, 0x01, 0x46, 0xE1, 0x84, 0x92, 0xE1, 0x85, 0xA1,
    0x01, 0x49, 0xE3, 0x83, 0xA1, 0xE3, 0x82, 0xAB, 0xE3, 0x82, 0x99, 0x11, 0x4C, 0xE1, 0x84, 0x8C,
    0xE1, 0x85, 0xAE, 0xE1, 0x84, 0x8B, 0xE1, 0x85, 0xB4, 0x01, 0x4C, 0xE3, 0x82, 0xAD, 0xE3, 0x82,
    0x99, 0xE3, 0x82, 0xAB, 0xE3, 0x82, 0x99, 0x11, 0x4C, 0xE3, 0x82, 0xB3, 0xE3, 0x83, 0xBC, 0xE3,
    0x83, 0x9B, 0xE3, 0x82, 0x9A, 0x11, 0x4C, 0xE3, 0x83, 0xA4, 0xE3, 0x83, 0xBC, 0xE3, 0x83, 0x88,
    0xE3, 0x82, 0x99, 0x11, 0x4F, 0xE1, 0x84, 0x8E, 0xE1, 0x85, 0xA1, 0xE1, 0x86, 0xB7, 0xE1, 0x84,
    0x80, 0xE1, 0x85, 0xA9, 0x01, 0x4F, 0xE3, 0x82, 0xA4, 0xE3, 0x83, 0x8B, 0xE3, 0x83, 0xB3, 0xE3,
    0x82, 0xAF, 0xE3, 0x82, 0x99, 0x11, 0x4F, 0xE3, 0x82, 0xB7, 0xE3, 0x83, 0xAA, 0xE3, 0x83, 0xB3,
    0xE3, 0x82, 0xAF, 0xE3, 0x82, 0x99, 0x11, 0x4F, 0xE3, 0x83, 0x98, 0xE3, 0x82, 0x9A, 0xE3, 0x83,
    0xBC, 0xE3, 0x82, 0xB7, 0xE3, 0x82, 0x99, 0x11, 0x4F, 0xE3, 0x83, 0x9B, 0xE3, 0x82, 0x9A, 0xE3,
    0x83, 0xB3, 0xE3, 0x83, 0x88, 0xE3, 0x82, 0x99, 0x11, 0x52, 0xE3, 0x82, 0xA8, 0xE3, 0x82, 0xB9,
    0xE3, 0x82, 0xAF, 0xE3, 0x83, 0xBC, 0xE3, 0x83, 0x88, 0xE3, 0x82, 0x99, 0x11, 0x52, 0xE3, 0x83,
    0x95, 0xE3, 0x82, 0xA1, 0xE3, 0x83, 0xA9, 0xE3, 0x83, 0x83, 0xE3, 0x83, 0x88, 0xE3, 0x82, 0x99,
    0x11, 0x86, 0xE0, 0xB3, 0x86, 0xE0, 0xB3, 0x82, 0x01, 0x86, 0xE0, 0xB7, 0x99, 0xE0, 0xB7, 0x8F,
    0x01, 0x03, 0x3C, 0xCC, 0xB8, 0x05, 0x03, 0x3D, 0xCC, 0xB8, 0x05, 0x03, 0x3E, 0xCC, 0xB8, 0x05,
    0x03, 0x41, 0xCC, 0x80, 0xCD, 0x03, 0x41, 0xCC, 0x81, 0xCD, 0x03, 0x41, 0xCC, 0x83, 0xCD, 0x03,
    0x41, 0xCC, 0x84, 0xCD, 0x03, 0x41, 0xCC, 0x89, 0xCD, 0x03, 0x41, 0xCC, 0x8C, 0xCD, 0x03, 0x41,
    0xCC, 0x8F, 0xCD, 0x03, 0x41, 0xCC, 0x91, 0xCD, 0x03, 0x41, 0xCC, 0xA5, 0xB9, 0x03, 0x41, 0xCC,
    0xA8, 0xA9, 0x03, 0x42, 0xCC, 0x87, 0xCD, 0x03, 0x42, 0xCC, 0xA3, 0xB9, 0x03, 0x42, 0xCC, 0xB1,
    0xB9, 0x03, 0x43, 0xCC, 0x81, 0xCD, 0x03, 0x43, 0xCC, 0x82, 0xCD, 0x03, 0x43, 0xCC, 0x87, 0xCD,
    0x03, 0x43, 0xCC, 0x8C, 0xCD, 0x03, 0x44, 0xCC, 0x87, 0xCD, 0x03, 0x44, 0xCC, 0x8C, 0xCD, 0x03,
    0x44, 0xCC, 0xA3, 0xB9, 0x03, 0x44, 0xCC, 0xA7, 0xA9, 0x03, 0x44, 0xCC, 0xAD, 0xB9, 0x03, 0x44,
    0xCC, 0xB1, 0xB9, 0x03, 0x45, 0xCC, 0x80, 0xCD, 0x03, 0x45, 0xCC, 0x81, 0xCD, 0x03, 0x45, 0xCC,
    0x83, 0xCD, 0x03, 0x45, 0xCC, 0x86, 0xCD, 0x03, 0x45, 0xCC, 0x87, 0xCD, 0x03, 0x45, 0xCC, 0x88,
    0xCD, 0x03, 0x45, 0xCC, 0x89, 0xCD, 0x03, 0x45, 0xCC, 0x8C, 0xCD, 0x03, 0x45, 0xCC, 0x8F, 0xCD,
    0x03, 0x45, 0xCC, 0x91, 0xCD, 0x03, 0x45, 0xCC, 0xA8, 0xA9, 0x03, 0x45, 0xCC, 0xAD, 0xB9, 0x03,
    0x45, 0xCC, 0xB0, 0xB9, 0x03, 0x46, 0xCC, 0x87, 0xCD, 0x03, 0x47, 0xCC, 0x81, 0xCD, 0x03, 0x47,
    0xCC, 0x82, 0xCD, 0x03, 0x47, 0xCC, 0x84, 0xCD, 0x03, 0x47, 0xCC, 0x86, 0xCD, 0x03, 0x47, 0xCC,
    0x87, 0xCD, 0x03, 0x47, 0xCC, 0x8C, 0xCD, 0x03, 0x47, 0xCC, 0xA7, 0xA9, 0x03, 0x48, 0xCC, 0x82,
    0xCD, 0x03, 0x48, 0xCC, 0x87, 0xCD, 0x03, 0x48, 0xCC, 0x88, 0xCD, 0x03, 0x48, 0xCC, 0x8C, 0xCD,
    0x03, 0x48, 0xCC, 0xA3, 0xB9, 0x03, 0x48, 0xCC, 0xA7, 0xA9, 0x03, 0x48, 0xCC, 0xAE, 0xB9, 0x03,
    0x49, 0xCC, 0x80, 0xCD, 0x03, 0x49, 0xCC, 0x81, 0xCD, 0x03, 0x49, 0xCC, 0x82, 0xCD, 0x03, 0x49,
    0xCC, 0x83, 0xCD, 0x03, 0x49, 0xCC, 0x84, 0xCD, 0x03, 0x49, 0xCC, 0x86, 0xCD, 0x03, 0x49, 0xCC,
    0x87, 0xCD, 0x03, 0x49, 0xCC, 0x89, 0xCD, 0x03, 0x49, 0xCC, 0x8C, 0xCD, 0x03, 0x49, 0xCC, 0x8F,
    0xCD, 0x03, 0x49, 0xCC, 0x91, 0xCD, 0x03, 0x49, 0xCC, 0xA3, 0xB9, 0x03, 0x49, 0xCC, 0xA8, 0xA9,
    0x03, 0x49, 0xCC, 0xB0, 0xB9, 0x03, 0x4A, 0xCC, 0x82, 0xCD, 0x03, 0x4B, 0xCC, 0x81, 0xCD, 0x03,
    0x4B, 0xCC, 0x8C, 0xCD, 0x03, 0x4B, 0xCC, 0xA3, 0xB9, 0x03, 0x4B, 0xCC, 0xA7, 0xA9, 0x03, 0x4B,
    0xCC, 0xB1, 0xB9, 0x03, 0x4C, 0xCC, 0x81, 0xCD, 0x03, 0x4C, 0xCC, 0x8C, 0xCD, 0x03, 0x4C, 0xCC,
    0xA7, 0xA9, 0x03, 0x4C, 0xCC, 0xAD, 0xB9, 0x03, 0x4C, 0xCC, 0xB1, 0xB9, 0x03, 0x4D, 0xCC, 0x81,
    0xCD, 0x03, 0x4D, 0xCC, 0x87, 0xCD, 0x03, 0x4D, 0xCC, 0xA3, 0xB9, 0x03, 0x4E, 0xCC, 0x80, 0xCD,
    0x03, 0x4E, 0xCC, 0x81, 0xCD, 0x03, 0x4E, 0xCC, 0x83, 0xCD, 0x03, 0x4E, 0xCC, 0x87, 0xCD, 0x03,
    0x4E, 0xCC, 0x8C, 0xCD, 0x03, 0x4E, 0xCC, 0xA3, 0xB9, 0x03, 0x4E, 0xCC, 0xA7, 0xA9, 0x03, 0x4E,
    0xCC, 0xAD, 0xB9, 0x03, 0x4E, 0xCC, 0xB1, 0xB9, 0x03, 0x4F, 0xCC, 0x80, 0xCD, 0x03, 0x4F, 0xCC,
    0x81, 0xCD, 0x03, 0x4F, 0xCC, 0x86, 0xCD, 0x03, 0x4F, 0xCC, 0x89, 0xCD, 0x03, 0x4F, 0xCC, 0x8B,
    0xCD, 0x03, 0x4F, 0xCC, 0x8C, 0xCD, 0x03, 0x4F, 0xCC, 0x8F, 0xCD, 0x03, 0x4F, 0xCC, 0x91, 0xCD,
    0x03, 0x50, 0xCC, 0x81, 0xCD, 0x03, 0x50, 0xCC, 0x87, 0xCD, 0x03, 0x52, 0xCC, 0x81, 0xCD, 0x03,
    0x52, 0xCC, 0x87, 0xCD, 0x03, 0x52, 0xCC, 0x8C, 0xCD, 0x03, 0x52, 0xCC, 0x8F, 0xCD, 0x03, 0x52,
    0xCC, 0x91, 0xCD, 0x03, 0x52, 0xCC, 0xA7, 0xA9, 0x03, 0x52, 0xCC, 0xB1, 0xB9, 0x03, 0x53, 0xCC,
    0x82, 0xCD, 0x03, 0x53, 0xCC, 0x87, 0xCD, 0x03, 0x53, 0xCC, 0xA6, 0xB9, 0x03, 0x53, 0xCC, 0xA7,
    0xA9, 0x03, 0x54, 0xCC, 0x87, 0xCD, 0x03, 0x54, 0xCC, 0x8C, 0xCD, 0x03, 0x54, 0xCC, 0xA3, 0xB9,
    0x03, 0x54, 0xCC, 0xA6, 0xB9, 0x03, 0x54, 0xCC, 0xA7, 0xA9, 0x03, 0x54, 0xCC, 0xAD, 0xB9, 0x03,
    0x54, 0xCC, 0xB1, 0xB9, 0x03, 0x55, 0xCC, 0x80, 0xCD, 0x03, 0x55, 0xCC, 0x81, 0xCD, 0x03, 0x55,
    0xCC, 0x82, 0xCD, 0x03, 0x55, 0xCC, 0x86, 0xCD, 0x03, 0x55, 0xCC, 0x89, 0xCD, 0x03, 0x55, 0xCC,
    0x8A, 0xCD, 0x03, 0x55, 0xCC, 0x8B, 0xCD, 0x03, 0x55, 0xCC, 0x8C, 0xCD, 0x03, 0x55, 0xCC, 0x8F,
    0xCD, 0x03, 0x55, 0xCC, 0x91, 0xCD, 0x03, 0x55, 0xCC, 0xA3, 0xB9, 0x03, 0x55, 0xCC, 0xA4, 0xB9,
    0x03, 0x55, 0xCC, 0xA8, 0xA9, 0x03, 0x55, 0xCC, 0xAD, 0xB9, 0x03, 0x55, 0xCC, 0xB0, 0xB9, 0x03,
    0x56, 0xCC, 0x83, 0xCD, 0x03, 0x56, 0xCC, 0xA3, 0xB9, 0x03, 0x57, 0xCC, 0x80, 0xCD, 0x03, 0x57,
    0xCC, 0x81, 0xCD, 0x03, 0x57, 0xCC, 0x82, 0xCD, 0x03, 0x57, 0xCC, 0x87, 0xCD, 0x03, 0x57, 0xCC,
    0x88, 0xCD, 0x03, 0x57, 0xCC, 0xA3, 0xB9, 0x03, 0x58, 0xCC, 0x87, 0xCD, 0x03, 0x58, 0xCC, 0x88,
    0xCD, 0x03, 0x59, 0xCC, 0x80, 0xCD, 0x03, 0x59, 0xCC, 0x81, 0xCD, 0x03, 0x59, 0xCC, 0x82, 0xCD,
    0x03, 0x59, 0xCC, 0x83, 0xCD, 0x03, 0x59, 0xCC, 0x84, 0xCD, 0x03, 0x59, 0xCC, 0x87, 0xCD, 0x03,
    0x59, 0xCC, 0x88, 0xCD, 0x03, 0x59, 0xCC, 0x89, 0xCD, 0x03, 0x59, 0xCC, 0xA3, 0xB9, 0x03, 0x5A,
    0xCC, 0x81, 0xCD, 0x03, 0x5A, 0xCC, 0x82, 0xCD, 0x03, 0x5A, 0xCC, 0x87, 0xCD, 0x03, 0x5A, 0xCC,
    0x8C, 0xCD, 0x03, 0x5A, 0xCC, 0xA3, 0xB9, 0x03, 0x5A, 0xCC, 0xB1, 0xB9, 0x03, 0x61, 0xCC, 0x80,
    0xCD, 0x03, 0x61, 0xCC, 0x81, 0xCD, 0x03, 0x61, 0xCC, 0x83, 0xCD, 0x03, 0x61, 0xCC, 0x84, 0xCD,
    0x03, 0x61, 0xCC, 0x89, 0xCD, 0x03, 0x61, 0xCC, 0x8C, 0xCD, 0x03, 0x61, 0xCC, 0x8F, 0xCD, 0x03,
    0x61, 0xCC, 0x91, 0xCD, 0x03, 0x61, 0xCC, 0xA5, 0xB9, 0x03, 0x61, 0xCC, 0xA8, 0xA9, 0x03, 0x62,
    0xCC, 0x87, 0xCD, 0x03, 0x62, 0xCC, 0xA3, 0xB9, 0x03, 0x62, 0xCC, 0xB1, 0xB9, 0x03, 0x63, 0xCC,
    0x81, 0xCD, 0x03, 0x63, 0xCC, 0x82, 0xCD, 0x03, 0x63, 0xCC, 0x87, 0xCD, 0x03, 0x63, 0xCC, 0x8C,
    0xCD, 0x03, 0x64, 0xCC, 0x87, 0xCD, 0x03, 0x64, 0xCC, 0x8C, 0xCD, 0x03, 0x64, 0xCC, 0xA3, 0xB9,
    0x03, 0x64, 0xCC, 0xA7, 0xA9, 0x03, 0x64, 0xCC, 0xAD, 0xB9, 0x03, 0x64, 0xCC, 0xB1, 0xB9, 0x03,
    0x65, 0xCC, 0x80, 0xCD, 0x03, 0x65, 0xCC, 0x81, 0xCD, 0x03, 0x65, 0xCC, 0x83, 0xCD, 0x03, 0x65,
    0xCC, 0x86, 0xCD, 0x03, 0x65, 0xCC, 0x87, 0xCD, 0x03, 0x65, 0xCC, 0x88, 0xCD, 0x03, 0x65, 0xCC,
    0x89, 0xCD, 0x03, 0x65, 0xCC, 0x8C, 0xCD, 0x03, 0x65, 0xCC, 0x8F, 0xCD, 0x03, 0x65, 0xCC, 0x91,
    0xCD, 0x03, 0x65, 0xCC, 0xA8, 0xA9, 0x03, 0x65, 0xCC, 0xAD, 0xB9, 0x03, 0x65, 0xCC, 0xB0, 0xB9,
    0x03, 0x66, 0xCC, 0x87, 0xCD, 0x03, 0x67, 0xCC, 0x81, 0xCD, 0x03, 0x67, 0xCC, 0x82, 0xCD, 0x03,
    0x67, 0xCC, 0x84, 0xCD, 0x03, 0x67, 0xCC, 0x86, 0xCD, 0x03, 0x67, 0xCC, 0x87, 0xCD, 0x03, 0x67,
    0xCC, 0x8C, 0xCD, 0x03, 0x67, 0xCC, 0xA7, 0xA9, 0x03, 0x68, 0xCC, 0x82, 0xCD, 0x03, 0x68, 0xCC,
    0x87, 0xCD, 0x03, 0x68, 0xCC, 0x88, 0xCD, 0x03, 0x68, 0xCC, 0x8C, 0xCD, 0x03, 0x68, 0xCC, 0xA3,
    0xB9, 0x03, 0x68, 0xCC, 0xA7, 0xA9, 0x03, 0x68, 0xCC, 0xAE, 0xB9, 0x03, 0x68, 0xCC, 0xB1, 0xB9,
    0x03, 0x69, 0xCC, 0x80, 0xCD, 0x03, 0x69, 0xCC, 0x81, 0xCD, 0x03, 0x69, 0xCC, 0x82, 0xCD, 0x03,
    0x69, 0xCC, 0x83, 0xCD, 0x03, 0x69, 0xCC, 0x84, 0xCD, 0x03, 0x69, 0xCC, 0x86, 0xCD, 0x03, 0x69,
    0xCC, 0x89, 0xCD, 0x03, 0x69, 0xCC, 0x8C, 0xCD, 0x03, 0x69, 0xCC, 0x8F, 0xCD, 0x03, 0x69, 0xCC,
    0x91, 0xCD, 0x03, 0x69, 0xCC, 0xA3, 0xB9, 0x03, 0x69, 0xCC, 0xA8, 0xA9, 0x03, 0x69, 0xCC, 0xB0,
    0xB9, 0x03, 0x6A, 0xCC, 0x82, 0xCD, 0x03, 0x6A, 0xCC, 0x8C, 0xCD, 0x03, 0x6B, 0xCC, 0x81, 0xCD,
    0x03, 0x6B, 0xCC, 0x8C, 0xCD, 0x03, 0x6B, 0xCC, 0xA3, 0xB9, 0x03, 0x6B, 0xCC, 0xA7, 0xA9, 0x03,
    0x6B, 0xCC, 0xB1, 0xB9, 0x03, 0x6C, 0xCC, 0x81, 0xCD, 0x03, 0x6C, 0xCC, 0x8C, 0xCD, 0x03, 0x6C,
    0xCC, 0xA7, 0xA9, 0x03, 0x6C, 0xCC, 0xAD, 0xB9, 0x03, 0x6C, 0xCC, 0xB1, 0xB9, 0x03, 0x6D, 0xCC,
    0x81, 0xCD, 0x03, 0x6D, 0xCC, 0x87, 0xCD, 0x03, 0x6D, 0xCC, 0xA3, 0xB9, 0x03, 0x6E, 0xCC, 0x80,
    0xCD, 0x03, 0x6E, 0xCC, 0x81, 0xCD, 0x03, 0x6E, 0xCC, 0x83, 0xCD, 0x03, 0x6E, 0xCC, 0x87, 0xCD,
    0x03, 0x6E, 0xCC, 0x8C, 0xCD, 0x03, 0x6E, 0xCC, 0xA3, 0xB9, 0x03, 0x6E, 0xCC, 0xA7, 0xA9, 0x03,
    0x6E, 0xCC, 0xAD, 0xB9, 0x03, 0x6E, 0xCC, 0xB1, 0xB9, 0x03, 0x6F, 0xCC, 0x80, 0xCD, 0x03, 0x6F,
    0xCC, 0x81, 0xCD, 0x03, 0x6F, 0xCC, 0x86, 0xCD, 0x03, 0x6F, 0xCC, 0x89, 0xCD, 0x03, 0x6F, 0xCC,
    0x8B, 0xCD, 0x03, 0x6F, 0xCC, 0x8C, 0xCD, 0x03, 0x6F, 0xCC, 0x8F, 0xCD, 0x03, 0x6F, 0xCC, 0x91,
    0xCD, 0x03, 0x70, 0xCC, 0x81, 0xCD, 0x03, 0x70, 0xCC, 0x87, 0xCD, 0x03, 0x72, 0xCC, 0x81, 0xCD,
    0x03, 0x72, 0xCC, 0x87, 0xCD, 0x03, 0x72, 0xCC, 0x8C, 0xCD, 0x03, 0x72, 0xCC, 0x8F, 0xCD, 0x03,
    0x72, 0xCC, 0x91, 0xCD, 0x03, 0x72, 0xCC, 0xA7, 0xA9, 0x03, 0x72, 0xCC, 0xB1, 0xB9, 0x03, 0x73,
    0xCC, 0x82, 0xCD, 0x03, 0x73, 0xCC, 0x87, 0xCD, 0x03, 0x73, 0xCC, 0xA6, 0xB9, 0x03, 0x73, 0xCC,
    0xA7, 0xA9, 0x03, 0x74, 0xCC, 0x87, 0xCD, 0x03, 0x74, 0xCC, 0x88, 0xCD, 0x03, 0x74, 0xCC, 0x8C,
    0xCD, 0x03, 0x74, 0xCC, 0xA3, 0xB9, 0x03, 0x74, 0xCC, 0xA6, 0xB9, 0x03, 0x74, 0xCC, 0xA7, 0xA9,
    0x03, 0x74, 0xCC, 0xAD, 0xB9, 0x03, 0x74, 0xCC, 0xB1, 0xB9, 0x03, 0x75, 0xCC, 0x80, 0xCD, 0x03,
    0x75, 0xCC, 0x81, 0xCD, 0x03, 0x75, 0xCC, 0x82, 0xCD, 0x03, 0x75, 0xCC, 0x86, 0xCD, 0x03, 0x75,
    0xCC, 0x89, 0xCD, 0x03, 0x75, 0xCC, 0x8A, 0xCD, 0x03, 0x75, 0xCC, 0x8B, 0xCD, 0x03, 0x75, 0xCC,
    0x8C, 0xCD, 0x03, 0x75, 0xCC, 0x8F, 0xCD, 0x03, 0x75, 0xCC, 0x91, 0xCD, 0x03, 0x75, 0xCC, 0xA3,
    0xB9, 0x03, 0x75, 0xCC, 0xA4, 0xB9, 0x03, 0x75, 0xCC, 0xA8, 0xA9, 0x03, 0x75, 0xCC, 0xAD, 0xB9,
    0x03, 0x75, 0xCC, 0xB0, 0xB9, 0x03, 0x76, 0xCC, 0x83, 0xCD, 0x03, 0x76, 0xCC, 0xA3, 0xB9, 0x03,
    0x77, 0xCC, 0x80, 0xCD, 0x03, 0x77, 0xCC, 0x81, 0xCD, 0x03, 0x77, 0xCC, 0x82, 0xCD, 0x03, 0x77,
    0xCC, 0x87, 0xCD, 0x03, 0x77, 0xCC, 0x88, 0xCD, 0x03, 0x77, 0xCC, 0x8A, 0xCD, 0x03, 0x77, 0xCC,
    0xA3, 0xB9, 0x03, 0x78, 0xCC, 0x87, 0xCD, 0x03, 0x78, 0xCC, 0x88, 0xCD, 0x03, 0x79, 0xCC, 0x80,
    0xCD, 0x03, 0x79, 0xCC, 0x81, 0xCD, 0x03, 0x79, 0xCC, 0x82, 0xCD, 0x03, 0x79, 0xCC, 0x83, 0xCD,
    0x03, 0x79, 0xCC, 0x84, 0xCD, 0x03, 0x79, 0xCC, 0x87, 0xCD, 0x03, 0x79, 0xCC, 0x88, 0xCD, 0x03,
    0x79, 0xCC, 0x89, 0xCD, 0x03, 0x79, 0xCC, 0x8A, 0xCD, 0x03, 0x79, 0xCC, 0xA3, 0xB9, 0x03, 0x7A,
    0xCC, 0x81, 0xCD, 0x03, 0x7A, 0xCC, 0x82, 0xCD, 0x03, 0x7A, 0xCC, 0x87, 0xCD, 0x03, 0x7A, 0xCC,
    0x8C, 0xCD, 0x03, 0x7A, 0xCC, 0xA3, 0xB9, 0x03, 0x7A, 0xCC, 0xB1, 0xB9, 0x04, 0xC2, 0xA8, 0xCC,
    0x80, 0xCE, 0x04, 0xC2, 0xA8, 0xCC, 0x81, 0xCE, 0x04, 0xC2, 0xA8, 0xCD, 0x82, 0xCE, 0x04, 0xC3,
    0x86, 0xCC, 0x81, 0xCD, 0x04, 0xC3, 0x86, 0xCC, 0x84, 0xCD, 0x04, 0xC3, 0x98, 0xCC, 0x81, 0xCD,
    0x04, 0xC3, 0xA6, 0xCC, 0x81, 0xCD, 0x04, 0xC3, 0xA6, 0xCC, 0x84, 0xCD, 0x04, 0xC3, 0xB8, 0xCC,
    0x81, 0xCD, 0x04, 0xC5, 0xBF, 0xCC, 0x87, 0xCD, 0x04, 0xC6, 0xB7, 0xCC, 0x8C, 0xCD, 0x04, 0xCA,
    0x92, 0xCC, 0x8C, 0xCD, 0x04, 0xCE, 0x91, 0xCC, 0x80, 0xCD, 0x04, 0xCE, 0x91, 0xCC, 0x81, 0xCD,
    0x04, 0xCE, 0x91, 0xCC, 0x84, 0xCD, 0x04, 0xCE, 0x91, 0xCC, 0x86, 0xCD, 0x04, 0xCE, 0x91, 0xCD,
    0x85, 0xDD, 0x04, 0xCE, 0x95, 0xCC, 0x80, 0xCD, 0x04, 0xCE, 0x95, 0xCC, 0x81, 0xCD, 0x04, 0xCE,
    0x97, 0xCC, 0x80, 0xCD, 0x04, 0xCE, 0x97, 0xCC, 0x81, 0xCD, 0x04, 0xCE, 0x97, 0xCD, 0x85, 0xDD,
    0x04, 0xCE, 0x99, 0xCC, 0x80, 0xCD, 0x04, 0xCE, 0x99, 0xCC, 0x81, 0xCD, 0x04, 0xCE, 0x99, 0xCC,
    0x84, 0xCD, 0x04, 0xCE, 0x99, 0xCC, 0x86, 0xCD, 0x04, 0xCE, 0x99, 0xCC, 0x88, 0xCD, 0x04, 0xCE,
    0x9F, 0xCC, 0x80, 0xCD, 0x04, 0xCE, 0x9F, 0xCC, 0x81, 0xCD, 0x04, 0xCE, 0xA1, 0xCC, 0x94, 0xCD,
    0x04, 0xCE, 0xA5, 0xCC, 0x80, 0xCD, 0x04, 0xCE, 0xA5, 0xCC, 0x81, 0xCD, 0x04, 0xCE, 0xA5, 0xCC,
    0x84, 0xCD, 0x04, 0xCE, 0xA5, 0xCC, 0x86, 0xCD, 0x04, 0xCE, 0xA5, 0xCC, 0x88, 0xCD, 0x04, 0xCE,
    0xA9, 0xCC, 0x80, 0xCD, 0x04, 0xCE, 0xA9, 0xCC, 0x81, 0xCD, 0x04, 0xCE, 0xA9, 0xCD, 0x85, 0xDD,
    0x04, 0xCE, 0xB1, 0xCC, 0x84, 0xCD, 0x04, 0xCE, 0xB1, 0xCC, 0x86, 0xCD, 0x04, 0xCE, 0xB1, 0xCD,
    0x85, 0xDD, 0x04, 0xCE, 0xB5, 0xCC, 0x80, 0xCD, 0x04, 0xCE, 0xB5, 0xCC, 0x81, 0xCD, 0x04, 0xCE,
    0xB7, 0xCD, 0x85, 0xDD, 0x04, 0xCE, 0xB9, 0xCC, 0x80, 0xCD, 0x04, 0xCE, 0xB9, 0xCC, 0x81, 0xCD,
    0x04, 0xCE, 0xB9, 0xCC, 0x84, 0xCD, 0x04, 0xCE, 0xB9, 0xCC, 0x86, 0xCD, 0x04, 0xCE, 0xB9, 0xCD,
    0x82, 0xCD, 0x04, 0xCE, 0xBF, 0xCC, 0x80, 0xCD, 0x04, 0xCE, 0xBF, 0xCC, 0x81, 0xCD, 0x04, 0xCF,
    0x81, 0xCC, 0x93, 0xCD, 0x04, 0xCF, 0x81, 0xCC, 0x94, 0xCD, 0x04, 0xCF, 0x85, 0xCC, 0x80, 0xCD,
    0x04, 0xCF, 0x85, 0xCC, 0x81, 0xCD, 0x04, 0xCF, 0x85, 0xCC, 0x84, 0xCD, 0x04, 0xCF, 0x85, 0xCC,
    0x86, 0xCD, 0x04, 0xCF, 0x85, 0xCD, 0x82, 0xCD, 0x04, 0xCF, 0x89, 0xCD, 0x85, 0xDD, 0x04, 0xCF,
    0x92, 0xCC, 0x81, 0xCD, 0x04, 0xCF, 0x92, 0xCC, 0x88, 0xCD, 0x04, 0xD0, 0x86, 0xCC, 0x88, 0xCD,
    0x04, 0xD0, 0x90, 0xCC, 0x86, 0xCD, 0x04, 0xD0, 0x90, 0xCC, 0x88, 0xCD, 0x04, 0xD0, 0x93, 0xCC,
    0x81, 0xCD, 0x04, 0xD0, 0x95, 0xCC, 0x80, 0xCD, 0x04, 0xD0, 0x95, 0xCC, 0x86, 0xCD, 0x04, 0xD0,
    0x95, 0xCC, 0x88, 0xCD, 0x04, 0xD0, 0x96, 0xCC, 0x86, 0xCD, 0x04, 0xD0, 0x96, 0xCC, 0x88, 0xCD,
    0x04, 0xD0, 0x97, 0xCC, 0x88, 0xCD, 0x04, 0xD0, 0x98, 0xCC, 0x80, 0xCD, 0x04, 0xD0, 0x98, 0xCC,
    0x84, 0xCD, 0x04, 0xD0, 0x98, 0xCC, 0x86, 0xCD, 0x04, 0xD0, 0x98, 0xCC, 0x88, 0xCD, 0x04, 0xD0,
    0x9A, 0xCC, 0x81, 0xCD, 0x04, 0xD0, 0x9E, 0xCC, 0x88, 0xCD, 0x04, 0xD0, 0xA3, 0xCC, 0x84, 0xCD,
    0x04, 0xD0, 0xA3, 0xCC, 0x86, 0xCD, 0x04, 0xD0, 0xA3, 0xCC, 0x88, 0xCD, 0x04, 0xD0, 0xA3, 0xCC,
    0x8B, 0xCD, 0x04, 0xD0, 0xA7, 0xCC, 0x88, 0xCD, 0x04, 0xD0, 0xAB, 0xCC, 0x88, 0xCD, 0x04, 0xD0,
    0xAD, 0xCC, 0x88, 0xCD, 0x04, 0xD0, 0xB0, 0xCC, 0x86, 0xCD, 0x04, 0xD0, 0xB0, 0xCC, 0x88, 0xCD,
    0x04, 0xD0, 0xB3, 0xCC, 0x81, 0xCD, 0x04, 0xD0, 0xB5, 0xCC, 0x80, 0xCD, 0x04, 0xD0, 0xB5, 0xCC,
    0x86, 0xCD, 0x04, 0xD0, 0xB5, 0xCC, 0x88, 0xCD, 0x04, 0xD0, 0xB6, 0xCC, 0x86, 0xCD, 0x04, 0xD0,
    0xB6, 0xCC, 0x88, 0xCD, 0x04, 0xD0, 0xB7, 0xCC, 0x88, 0xCD, 0x04, 0xD0, 0xB8, 0xCC, 0x80, 0xCD,
    0x04, 0xD0, 0xB8, 0xCC, 0x84, 0xCD, 0x04, 0xD0, 0xB8, 0xCC, 0x86, 0xCD, 0x04, 0xD0, 0xB8, 0xCC,
    0x88, 0xCD, 0x04, 0xD0, 0xBA, 0xCC, 0x81, 0xCD, 0x04, 0xD0, 0xBE, 0xCC, 0x88, 0xCD, 0x04, 0xD1,
    0x83, 0xCC, 0x84, 0xCD, 0x04, 0xD1, 0x83, 0xCC, 0x86, 0xCD, 0x04, 0xD1, 0x83, 0xCC, 0x88, 0xCD,
    0x04, 0xD1, 0x83, 0xCC, 0x8B, 0xCD, 0x04, 0xD1, 0x87, 0xCC, 0x88, 0xCD, 0x04, 0xD1, 0x8B, 0xCC,
    0x88, 0xCD, 0x04, 0xD1, 0x8D, 0xCC, 0x88, 0xCD, 0x04, 0xD1, 0x96, 0xCC, 0x88, 0xCD, 0x04, 0xD1,
    0xB4, 0xCC, 0x8F, 0xCD, 0x04, 0xD1, 0xB5, 0xCC, 0x8F, 0xCD, 0x04, 0xD3, 0x98, 0xCC, 0x88, 0xCD,
    0x04, 0xD3, 0x99, 0xCC, 0x88, 0xCD, 0x04, 0xD3, 0xA8, 0xCC, 0x88, 0xCD, 0x04, 0xD3, 0xA9, 0xCC,
    0x88, 0xCD, 0x04, 0xD8, 0xA7, 0xD9, 0x93, 0xCD, 0x04, 0xD8, 0xA7, 0xD9, 0x94, 0xCD, 0x04, 0xD8,
    0xA7, 0xD9, 0x95, 0xB9, 0x04, 0xD9, 0x88, 0xD9, 0x94, 0xCD, 0x04, 0xD9, 0x8A, 0xD9, 0x94, 0xCD,
    0x04, 0xDB, 0x81, 0xD9, 0x94, 0xCD, 0x04, 0xDB, 0x92, 0xD9, 0x94, 0xCD, 0x04, 0xDB, 0x95, 0xD9,
    0x94, 0xCD, 0x05, 0x41, 0xCC, 0x82, 0xCC, 0x80, 0xCE, 0x05, 0x41, 0xCC, 0x82, 0xCC, 0x81, 0xCE,
    0x05, 0x41, 0xCC, 0x82, 0xCC, 0x83, 0xCE, 0x05, 0x41, 0xCC, 0x82, 0xCC, 0x89, 0xCE, 0x05, 0x41,
    0xCC, 0x86, 0xCC, 0x80, 0xCE, 0x05, 0x41, 0xCC, 0x86, 0xCC, 0x81, 0xCE, 0x05, 0x41, 0xCC, 0x86,
    0xCC, 0x83, 0xCE, 0x05, 0x41, 0xCC, 0x86, 0xCC, 0x89, 0xCE, 0x05, 0x41, 0xCC, 0x87, 0xCC, 0x84,
    0xCE, 0x05, 0x41, 0xCC, 0x88, 0xCC, 0x84, 0xCE, 0x05, 0x41, 0xCC, 0x8A, 0xCC, 0x81, 0xCE, 0x05,
    0x41, 0xCC, 0xA3, 0xCC, 0x82, 0xCE, 0x05, 0x41, 0xCC, 0xA3, 0xCC, 0x86, 0xCE, 0x05, 0x43, 0xCC,
    0xA7, 0xCC, 0x81, 0xCE, 0x05, 0x45, 0xCC, 0x82, 0xCC, 0x80, 0xCE, 0x05, 0x45, 0xCC, 0x82, 0xCC,
    0x81, 0xCE, 0x05, 0x45, 0xCC, 0x82, 0xCC, 0x83, 0xCE, 0x05, 0x45, 0xCC, 0x82, 0xCC, 0x89, 0xCE,
    0x05, 0x45, 0xCC, 0x84, 0xCC, 0x80, 0xCE, 0x05, 0x45, 0xCC, 0x84, 0xCC, 0x81, 0xCE, 0x05, 0x45,
    0xCC, 0xA3, 0xCC, 0x82, 0xCE, 0x05, 0x45, 0xCC, 0xA7, 0xCC, 0x86, 0xCE, 0x05, 0x49, 0xCC, 0x88,
    0xCC, 0x81, 0xCE, 0x05, 0x4C, 0xCC, 0xA3, 0xCC, 0x84, 0xCE, 0x05, 0x4F, 0xCC, 0x82, 0xCC, 0x80,
    0xCE, 0x05, 0x4F, 0xCC, 0x82, 0xCC, 0x81, 0xCE, 0x05, 0x4F, 0xCC, 0x82, 0xCC, 0x83, 0xCE, 0x05,
    0x4F, 0xCC, 0x82, 0xCC, 0x89, 0xCE, 0x05, 0x4F, 0xCC, 0x83, 0xCC, 0x81, 0xCE, 0x05, 0x4F, 0xCC,
    0x83, 0xCC, 0x84, 0xCE, 0x05, 0x4F, 0xCC, 0x83, 0xCC, 0x88, 0xCE, 0x05, 0x4F, 0xCC, 0x84, 0xCC,
    0x80, 0xCE, 0x05, 0x4F, 0xCC, 0x84, 0xCC, 0x81, 0xCE, 0x05, 0x4F, 0xCC, 0x87, 0xCC, 0x84, 0xCE,
    0x05, 0x4F, 0xCC, 0x88, 0xCC, 0x84, 0xCE, 0x05, 0x4F, 0xCC, 0x9B, 0xCC, 0x80, 0xCE, 0x05, 0x4F,
    0xCC, 0x9B, 0xCC, 0x81, 0xCE, 0x05, 0x4F, 0xCC, 0x9B, 0xCC, 0x83, 0xCE, 0x05, 0x4F, 0xCC, 0x9B,
    0xCC, 0x89, 0xCE, 0x05, 0x4F, 0xCC, 0x9B, 0xCC, 0xA3, 0xBA, 0x05, 0x4F, 0xCC, 0xA3, 0xCC, 0x82,
    0xCE, 0x05, 0x4F, 0xCC, 0xA8, 0xCC, 0x84, 0xCE, 0x05, 0x52, 0xCC, 0xA3, 0xCC, 0x84, 0xCE, 0x05,
    0x53, 0xCC, 0x81, 0xCC, 0x87, 0xCE, 0x05, 0x53, 0xCC, 0x8C, 0xCC, 0x87, 0xCE, 0x05, 0x53, 0xCC,
    0xA3, 0xCC, 0x87, 0xCE, 0x05, 0x55, 0xCC, 0x83, 0xCC, 0x81, 0xCE, 0x05, 0x55, 0xCC, 0x84, 0xCC,
    0x88, 0xCE, 0x05, 0x55, 0xCC, 0x88, 0xCC, 0x80, 0xCE, 0x05, 0x55, 0xCC, 0x88, 0xCC, 0x81, 0xCE,
    0x05, 0x55, 0xCC, 0x88, 0xCC, 0x84, 0xCE, 0x05, 0x55, 0xCC, 0x88, 0xCC, 0x8C, 0xCE, 0x05, 0x55,
    0xCC, 0x9B, 0xCC, 0x80, 0xCE, 0x05, 0x55, 0xCC, 0x9B, 0xCC, 0x81, 0xCE, 0x05, 0x55, 0xCC, 0x9B,
    0xCC, 0x83, 0xCE, 0x05, 0x55, 0xCC, 0x9B, 0xCC, 0x89, 0xCE, 0x05, 0x55, 0xCC, 0x9B, 0xCC, 0xA3,
    0xBA, 0x05, 0x61, 0xCC, 0x82, 0xCC, 0x80, 0xCE, 0x05, 0x61, 0xCC, 0x82, 0xCC, 0x81, 0xCE, 0x05,
    0x61, 0xCC, 0x82, 0xCC, 0x83, 0xCE, 0x05, 0x61, 0xCC, 0x82, 0xCC, 0x89, 0xCE, 0x05, 0x61, 0xCC,
    0x86, 0xCC, 0x80, 0xCE, 0x05, 0x61, 0xCC, 0x86, 0xCC, 0x81, 0xCE, 0x05, 0x61, 0xCC, 0x86, 0xCC,
    0x83, 0xCE, 0x05, 0x61, 0xCC, 0x86, 0xCC, 0x89, 0xCE, 0x05, 0x61, 0xCC, 0x87, 0xCC, 0x84, 0xCE,
    0x05, 0x61, 0xCC, 0x88, 0xCC, 0x84, 0xCE, 0x05, 0x61, 0xCC, 0x8A, 0xCC, 0x81, 0xCE, 0x05, 0x61,
    0xCC, 0xA3, 0xCC, 0x82, 0xCE, 0x05, 0x61, 0xCC, 0xA3, 0xCC, 0x86, 0xCE, 0x05, 0x63, 0xCC, 0xA7,
    0xCC, 0x81, 0xCE, 0x05, 0x65, 0xCC, 0x82, 0xCC, 0x80, 0xCE, 0x05, 0x65, 0xCC, 0x82, 0xCC, 0x81,
    0xCE, 0x05, 0x65, 0xCC, 0x82, 0xCC, 0x83, 0xCE, 0x05, 0x65, 0xCC, 0x82, 0xCC, 0x89, 0xCE, 0x05,
    0x65, 0xCC, 0x84, 0xCC, 0x80, 0xCE, 0x05, 0x65, 0xCC, 0x84, 0xCC, 0x81, 0xCE, 0x05, 0x65, 0xCC,
    0xA3, 0xCC, 0x82, 0xCE, 0x05, 0x65, 0xCC, 0xA7, 0xCC, 0x86, 0xCE, 0x05, 0x69, 0xCC, 0x88, 0xCC,
    0x81, 0xCE, 0x05, 0x6C, 0xCC, 0xA3, 0xCC, 0x84, 0xCE, 0x05, 0x6F, 0xCC, 0x82, 0xCC, 0x80, 0xCE,
    0x05, 0x6F, 0xCC, 0x82, 0xCC, 0x81, 0xCE, 0x05, 0x6F, 0xCC, 0x82, 0xCC, 0x83, 0xCE, 0x05, 0x6F,
    0xCC, 0x82, 0xCC, 0x89, 0xCE, 0x05, 0x6F, 0xCC, 0x83, 0xCC, 0x81, 0xCE, 0x05, 0x6F, 0xCC, 0x83,
    0xCC, 0x84, 0xCE, 0x05, 0x6F, 0xCC, 0x83, 0xCC, 0x88, 0xCE, 0x05, 0x6F, 0xCC, 0x84, 0xCC, 0x80,
    0xCE, 0x05, 0x6F, 0xCC, 0x84, 0xCC, 0x81, 0xCE, 0x05, 0x6F, 0xCC, 0x87, 0xCC, 0x84, 0xCE, 0x05,
    0x6F, 0xCC, 0x88, 0xCC, 0x84, 0xCE, 0x05, 0x6F, 0xCC, 0x9B, 0xCC, 0x80, 0xCE, 0x05, 0x6F, 0xCC,
    0x9B, 0xCC, 0x81, 0xCE, 0x05, 0x6F, 0xCC, 0x9B, 0xCC, 0x83, 0xCE, 0x05, 0x6F, 0xCC, 0x9B, 0xCC,
    0x89, 0xCE, 0x05, 0x6F, 0xCC, 0x9B, 0xCC, 0xA3, 0xBA, 0x05, 0x6F, 0xCC, 0xA3, 0xCC, 0x82, 0xCE,
    0x05, 0x6F, 0xCC, 0xA8, 0xCC, 0x84, 0xCE, 0x05, 0x72, 0xCC, 0xA3, 0xCC, 0x84, 0xCE, 0x05, 0x73,
    0xCC, 0x81, 0xCC, 0x87, 0xCE, 0x05, 0x73, 0xCC, 0x8C, 0xCC, 0x87, 0xCE, 0x05, 0x73, 0xCC, 0xA3,
    0xCC, 0x87, 0xCE, 0x05, 0x75, 0xCC, 0x83, 0xCC, 0x81, 0xCE, 0x05, 0x75, 0xCC, 0x84, 0xCC, 0x88,
    0xCE, 0x05, 0x75, 0xCC, 0x88, 0xCC, 0x80, 0xCE, 0x05, 0x75, 0xCC, 0x88, 0xCC, 0x81, 0xCE, 0x05,
    0x75, 0xCC, 0x88, 0xCC, 0x84, 0xCE, 0x05, 0x75, 0xCC, 0x88, 0xCC, 0x8C, 0xCE, 0x05, 0x75, 0xCC,
    0x9B, 0xCC, 0x80, 0xCE, 0x05, 0x75, 0xCC, 0x9B, 0xCC, 0x81, 0xCE, 0x05, 0x75, 0xCC, 0x9B, 0xCC,
    0x83, 0xCE, 0x05, 0x75, 0xCC, 0x9B, 0xCC, 0x89, 0xCE, 0x05, 0x75, 0xCC, 0x9B, 0xCC, 0xA3, 0xBA,
    0x05, 0xE1, 0xBE, 0xBF, 0xCC, 0x80, 0xCE, 0x05, 0xE1, 0xBE, 0xBF, 0xCC, 0x81, 0xCE, 0x05, 0xE1,
    0xBE, 0xBF, 0xCD, 0x82, 0xCE, 0x05, 0xE1, 0xBF, 0xBE, 0xCC, 0x80, 0xCE, 0x05, 0xE1, 0xBF, 0xBE,
    0xCC, 0x81, 0xCE, 0x05, 0xE1, 0xBF, 0xBE, 0xCD, 0x82, 0xCE, 0x05, 0xE2, 0x86, 0x90, 0xCC, 0xB8,
    0x05, 0x05, 0xE2, 0x86, 0x92, 0xCC, 0xB8, 0x05, 0x05, 0xE2, 0x86, 0x94, 0xCC, 0xB8, 0x05, 0x05,
    0xE2, 0x87, 0x90, 0xCC, 0xB8, 0x05, 0x05, 0xE2, 0x87, 0x92, 0xCC, 0xB8, 0x05, 0x05, 0xE2, 0x87,
    0x94, 0xCC, 0xB8, 0x05, 0x05, 0xE2, 0x88, 0x83, 0xCC, 0xB8, 0x05, 0x05, 0xE2, 0x88, 0x88, 0xCC,
    0xB8, 0x05, 0x05, 0xE2, 0x88, 0x8B, 0xCC, 0xB8, 0x05, 0x05, 0xE2, 0x88, 0xA3, 0xCC, 0xB8, 0x05,
    0x05, 0xE2, 0x88, 0xA5, 0xCC, 0xB8, 0x05, 0x05, 0xE2, 0x88, 0xBC, 0xCC, 0xB8, 0x05, 0x05, 0xE2,
    0x89, 0x83, 0xCC, 0xB8, 0x05, 0x05, 0xE2, 0x89, 0x85, 0xCC, 0xB8, 0x05, 0x05, 0xE2, 0x89, 0x88,
    0xCC, 0xB8, 0x05, 0x05, 0xE2, 0x89, 0x8D, 0xCC, 0xB8, 0x05, 0x05, 0xE2, 0x89, 0xA1, 0xCC, 0xB8,
    0x05, 0x05, 0xE2, 0x89, 0xA4, 0xCC, 0xB8, 0x05, 0x05, 0xE2, 0x89, 0xA5, 0xCC, 0xB8, 0x05, 0x05,
    0xE2, 0x89, 0xB2, 0xCC, 0xB8, 0x05, 0x05, 0xE2, 0x89, 0xB3, 0xCC, 0xB8, 0x05, 0x05, 0xE2, 0x89,
    0xB6, 0xCC, 0xB8, 0x05, 0x05, 0xE2, 0x89, 0xB7, 0xCC, 0xB8, 0x05, 0x05, 0xE2, 0x89, 0xBA, 0xCC,
    0xB8, 0x05, 0x05, 0xE2, 0x89, 0xBB, 0xCC, 0xB8, 0x05, 0x05, 0xE2, 0x89, 0xBC, 0xCC, 0xB8, 0x05,
    0x05, 0xE2, 0x89, 0xBD, 0xCC, 0xB8, 0x05, 0x05, 0xE2, 0x8A, 0x82, 0xCC, 0xB8, 0x05, 0x05, 0xE2,
    0x8A, 0x83, 0xCC, 0xB8, 0x05, 0x05, 0xE2, 0x8A, 0x86, 0xCC, 0xB8, 0x05, 0x05, 0xE2, 0x8A, 0x87,
    0xCC, 0xB8, 0x05, 0x05, 0xE2, 0x8A, 0x91, 0xCC, 0xB8, 0x05, 0x05, 0xE2, 0x8A, 0x92, 0xCC, 0xB8,
    0x05, 0x05, 0xE2, 0x8A, 0xA2, 0xCC, 0xB8, 0x05, 0x05, 0xE2, 0x8A, 0xA8, 0xCC, 0xB8, 0x05, 0x05,
    0xE2, 0x8A, 0xA9, 0xCC, 0xB8, 0x05, 0x05, 0xE2, 0x8A, 0xAB, 0xCC, 0xB8, 0x05, 0x05, 0xE2, 0x8A,
    0xB2, 0xCC, 0xB8, 0x05, 0x05, 0xE2, 0x8A, 0xB3, 0xCC, 0xB8, 0x05, 0x05, 0xE2, 0x8A, 0xB4, 0xCC,
    0xB8, 0x05, 0x05, 0xE2, 0x8A, 0xB5, 0xCC, 0xB8, 0x05, 0x06, 0xCE, 0x91, 0xCC, 0x93, 0xCD, 0x85,
    0xDE, 0x06, 0xCE, 0x91, 0xCC, 0x94, 0xCD, 0x85, 0xDE, 0x06, 0xCE, 0x95, 0xCC, 0x93, 0xCC, 0x80,
    0xCE, 0x06, 0xCE, 0x95, 0xCC, 0x93, 0xCC, 0x81, 0xCE, 0x06, 0xCE, 0x95, 0xCC, 0x94, 0xCC, 0x80,
    0xCE, 0x06, 0xCE, 0x95, 0xCC, 0x94, 0xCC, 0x81, 0xCE, 0x06, 0xCE, 0x97, 0xCC, 0x93, 0xCD, 0x85,
    0xDE, 0x06, 0xCE, 0x97, 0xCC, 0x94, 0xCD, 0x85, 0xDE, 0x06, 0xCE, 0x99, 0xCC, 0x93, 0xCC, 0x80,
    0xCE, 0x06, 0xCE, 0x99, 0xCC, 0x93, 0xCC, 0x81, 0xCE, 0x06, 0xCE, 0x99, 0xCC, 0x93, 0xCD, 0x82,
    0xCE, 0x06, 0xCE, 0x99, 0xCC, 0x94, 0xCC, 0x80, 0xCE, 0x06, 0xCE, 0x99, 0xCC, 0x94, 0xCC, 0x81,
    0xCE, 0x06, 0xCE, 0x99, 0xCC, 0x94, 0xCD, 0x82, 0xCE, 0x06, 0xCE, 0x9F, 0xCC, 0x93, 0xCC, 0x80,
    0xCE, 0x06, 0xCE, 0x9F, 0xCC, 0x93, 0xCC, 0x81, 0xCE, 0x06, 0xCE, 0x9F, 0xCC, 0x94, 0xCC, 0x80,
    0xCE, 0x06, 0xCE, 0x9F, 0xCC, 0x94, 0xCC, 0x81, 0xCE, 0x06, 0xCE, 0xA5, 0xCC, 0x94, 0xCC, 0x80,
    0xCE, 0x06, 0xCE, 0xA5, 0xCC, 0x94, 0xCC, 0x81, 0xCE, 0x06, 0xCE, 0xA5, 0xCC, 0x94, 0xCD, 0x82,
    0xCE, 0x06, 0xCE, 0xA9, 0xCC, 0x93, 0xCD, 0x85, 0xDE, 0x06, 0xCE, 0xA9, 0xCC, 0x94, 0xCD, 0x85,
    0xDE, 0x06, 0xCE, 0xB1, 0xCC, 0x80, 0xCD, 0x85, 0xDE, 0x06, 0xCE, 0xB1, 0xCC, 0x81, 0xCD, 0x85,
    0xDE, 0x06, 0xCE, 0xB1, 0xCC, 0x93, 0xCD, 0x85, 0xDE, 0x06, 0xCE, 0xB1, 0xCC, 0x94, 0xCD, 0x85,
    0xDE, 0x06, 0xCE, 0xB1, 0xCD, 0x82, 0xCD, 0x85, 0xDE, 0x06, 0xCE, 0xB5, 0xCC, 0x93, 0xCC, 0x80,
    0xCE, 0x06, 0xCE, 0xB5, 0xCC, 0x93, 0xCC, 0x81, 0xCE, 0x06, 0xCE, 0xB5, 0xCC, 0x94, 0xCC, 0x80,
    0xCE, 0x06, 0xCE, 0xB5, 0xCC, 0x94, 0xCC, 0x81, 0xCE, 0x06, 0xCE, 0xB7, 0xCC, 0x80, 0xCD, 0x85,
    0xDE, 0x06, 0xCE, 0xB7, 0xCC, 0x81, 0xCD, 0x85, 0xDE, 0x06, 0xCE, 0xB7, 0xCC, 0x93, 0xCD, 0x85,
    0xDE, 0x06, 0xCE, 0xB7, 0xCC, 0x94, 0xCD, 0x85, 0xDE, 0x06, 0xCE, 0xB7, 0xCD, 0x82, 0xCD, 0x85,
    0xDE, 0x06, 0xCE, 0xB9, 0xCC, 0x88, 0xCC, 0x80, 0xCE, 0x06, 0xCE, 0xB9, 0xCC, 0x88, 0xCC, 0x81,
    0xCE, 0x06, 0xCE, 0xB9, 0xCC, 0x88, 0xCD, 0x82, 0xCE, 0x06, 0xCE, 0xB9, 0xCC, 0x93, 0xCC, 0x80,
    0xCE, 0x06, 0xCE, 0xB9, 0xCC, 0x93, 0xCC, 0x81, 0xCE, 0x06, 0xCE, 0xB9, 0xCC, 0x93, 0xCD, 0x82,
    0xCE, 0x06, 0xCE, 0xB9, 0xCC, 0x94, 0xCC, 0x80, 0xCE, 0x06, 0xCE, 0xB9, 0xCC, 0x94, 0xCC, 0x81,
    0xCE, 0x06, 0xCE, 0xB9, 0xCC, 0x94, 0xCD, 0x82, 0xCE, 0x06, 0xCE, 0xBF, 0xCC, 0x93, 0xCC, 0x80,
    0xCE, 0x06, 0xCE, 0xBF, 0xCC, 0x93, 0xCC, 0x81, 0xCE, 0x06, 0xCE, 0xBF, 0xCC, 0x94, 0xCC, 0x80,
    0xCE, 0x06, 0xCE, 0xBF, 0xCC, 0x94, 0xCC, 0x81, 0xCE, 0x06, 0xCF, 0x85, 0xCC, 0x88, 0xCC, 0x80,
    0xCE, 0x06, 0xCF, 0x85, 0xCC, 0x88, 0xCC, 0x81, 0xCE, 0x06, 0xCF, 0x85, 0xCC, 0x88, 0xCD, 0x82,
    0xCE, 0x06, 0xCF, 0x85, 0xCC, 0x93, 0xCC, 0x80, 0xCE, 0x06, 0xCF, 0x85, 0xCC, 0x93, 0xCC, 0x81,
    0xCE, 0x06, 0xCF, 0x85, 0xCC, 0x93, 0xCD, 0x82, 0xCE, 0x06, 0xCF, 0x85, 0xCC, 0x94, 0xCC, 0x80,
    0xCE, 0x06, 0xCF, 0x85, 0xCC, 0x94, 0xCC, 0x81, 0xCE, 0x06, 0xCF, 0x85, 0xCC, 0x94, 0xCD, 0x82,
    0xCE, 0x06, 0xCF, 0x89, 0xCC, 0x80, 0xCD, 0x85, 0xDE, 0x06, 0xCF, 0x89, 0xCC, 0x81, 0xCD, 0x85,
    0xDE, 0x06, 0xCF, 0x89, 0xCC, 0x93, 0xCD, 0x85, 0xDE, 0x06, 0xCF, 0x89, 0xCC, 0x94, 0xCD, 0x85,
    0xDE, 0x06, 0xCF, 0x89, 0xCD, 0x82, 0xCD, 0x85, 0xDE, 0x06, 0xE0, 0xA4, 0xA8, 0xE0, 0xA4, 0xBC,
    0x0D, 0x06, 0xE0, 0xA4, 0xB0, 0xE0, 0xA4, 0xBC, 0x0D, 0x06, 0xE0, 0xA4, 0xB3, 0xE0, 0xA4, 0xBC,
    0x0D, 0x06, 0xE0, 0xB1, 0x86, 0xE0, 0xB1, 0x96, 0x89, 0x06, 0xE0, 0xB7, 0x99, 0xE0, 0xB7, 0x8A,
    0x15, 0x06, 0xE3, 0x81, 0x86, 0xE3, 0x82, 0x99, 0x11, 0x06, 0xE3, 0x81, 0x8B, 0xE3, 0x82, 0x99,
    0x11, 0x06, 0xE3, 0x81, 0x8D, 0xE3, 0x82, 0x99, 0x11, 0x06, 0xE3, 0x81, 0x8F, 0xE3, 0x82, 0x99,
    0x11, 0x06, 0xE3, 0x81, 0x91, 0xE3, 0x82, 0x99, 0x11, 0x06, 0xE3, 0x81, 0x93, 0xE3, 0x82, 0x99,
    0x11, 0x06, 0xE3, 0x81, 0x95, 0xE3, 0x82, 0x99, 0x11, 0x06, 0xE3, 0x81, 0x97, 0xE3, 0x82, 0x99,
    0x11, 0x06, 0xE3, 0x81, 0x99, 0xE3, 0x82, 0x99, 0x11, 0x06, 0xE3, 0x81, 0x9B, 0xE3, 0x82, 0x99,
    0x11, 0x06, 0xE3, 0x81, 0x9D, 0xE3, 0x82, 0x99, 0x11, 0x06, 0xE3, 0x81, 0x9F, 0xE3, 0x82, 0x99,
    0x11, 0x06, 0xE3, 0x81, 0xA1, 0xE3, 0x82, 0x99, 0x11, 0x06, 0xE3, 0x81, 0xA4, 0xE3, 0x82, 0x99,
    0x11, 0x06, 0xE3, 0x81, 0xA6, 0xE3, 0x82, 0x99, 0x11, 0x06, 0xE3, 0x81, 0xA8, 0xE3, 0x82, 0x99,
    0x11, 0x06, 0xE3, 0x81, 0xAF, 0xE3, 0x82, 0x99, 0x11, 0x06, 0xE3, 0x81, 0xAF, 0xE3, 0x82, 0x9A,
    0x11, 0x06, 0xE3, 0x81, 0xB2, 0xE3, 0x82, 0x99, 0x11, 0x06, 0xE3, 0x81, 0xB2, 0xE3, 0x82, 0x9A,
    0x11, 0x06, 0xE3, 0x81, 0xB5, 0xE3, 0x82, 0x99, 0x11, 0x06, 0xE3, 0x81, 0xB5, 0xE3, 0x82, 0x9A,
    0x11, 0x06, 0xE3, 0x81, 0xB8, 0xE3, 0x82, 0x99, 0x11, 0x06, 0xE3, 0x81, 0xB8, 0xE3, 0x82, 0x9A,
    0x11, 0x06, 0xE3, 0x81, 0xBB, 0xE3, 0x82, 0x99, 0x11, 0x06, 0xE3, 0x81, 0xBB, 0xE3, 0x82, 0x9A,
    0x11, 0x06, 0xE3, 0x82, 0x9D, 0xE3, 0x82, 0x99, 0x11, 0x06, 0xE3, 0x82, 0xA6, 0xE3, 0x82, 0x99,
    0x11, 0x06, 0xE3, 0x82, 0xAB, 0xE3, 0x82, 0x99, 0x11, 0x06, 0xE3, 0x82, 0xAD, 0xE3, 0x82, 0x99,
    0x11, 0x06, 0xE3, 0x82, 0xAF, 0xE3, 0x82, 0x99, 0x11, 0x06, 0xE3, 0x82, 0xB1, 0xE3, 0x82, 0x99,
    0x11, 0x06, 0xE3, 0x82, 0xB3, 0xE3, 0x82, 0x99, 0x11, 0x06, 0xE3, 0x82, 0xB5, 0xE3, 0x82, 0x99,
    0x11, 0x06, 0xE3, 0x82, 0xB7, 0xE3, 0x82, 0x99, 0x11, 0x06, 0xE3, 0x82, 0xB9, 0xE3, 0x82, 0x99,
    0x11, 0x06, 0xE3, 0x82, 0xBB, 0xE3, 0x82, 0x99, 0x11, 0x06, 0xE3, 0x82, 0xBD, 0xE3, 0x82, 0x99,
    0x11, 0x06, 0xE3, 0x82, 0xBF, 0xE3, 0x82, 0x99, 0x11, 0x06, 0xE3, 0x83, 0x81, 0xE3, 0x82, 0x99,
    0x11, 0x06, 0xE3, 0x83, 0x84, 0xE3, 0x82, 0x99, 0x11, 0x06, 0xE3, 0x83, 0x86, 0xE3, 0x82, 0x99,
    0x11, 0x06, 0xE3, 0x83, 0x88, 0xE3, 0x82, 0x99, 0x11, 0x06, 0xE3, 0x83, 0x8F, 0xE3, 0x82, 0x99,
    0x11, 0x06, 0xE3, 0x83, 0x8F, 0xE3, 0x82, 0x9A, 0x11, 0x06, 0xE3, 0x83, 0x92, 0xE3, 0x82, 0x99,
    0x11, 0x06, 0xE3, 0x83, 0x92, 0xE3, 0x82, 0x9A, 0x11, 0x06, 0xE3, 0x83, 0x95, 0xE3, 0x82, 0x99,
    0x11, 0x06, 0xE3, 0x83, 0x95, 0xE3, 0x82, 0x9A, 0x11, 0x06, 0xE3, 0x83, 0x98, 0xE3, 0x82, 0x99,
    0x11, 0x06, 0xE3, 0x83, 0x98, 0xE3, 0x82, 0x9A, 0x11, 0x06, 0xE3, 0x83, 0x9B, 0xE3, 0x82, 0x99,
    0x11, 0x06, 0xE3, 0x83, 0x9B, 0xE3, 0x82, 0x9A, 0x11, 0x06, 0xE3, 0x83, 0xAF, 0xE3, 0x82, 0x99,
    0x11, 0x06, 0xE3, 0x83, 0xB0, 0xE3, 0x82, 0x99, 0x11, 0x06, 0xE3, 0x83, 0xB1, 0xE3, 0x82, 0x99,
    0x11, 0x06, 0xE3, 0x83, 0xB2, 0xE3, 0x82, 0x99, 0x11, 0x06, 0xE3, 0x83, 0xBD, 0xE3, 0x82, 0x99,
    0x11, 0x08, 0xCE, 0x91, 0xCC, 0x93, 0xCC, 0x80, 0xCD, 0x85, 0xDF, 0x08, 0xCE, 0x91, 0xCC, 0x93,
    0xCC, 0x81, 0xCD, 0x85, 0xDF, 0x08, 0xCE, 0x91, 0xCC, 0x93, 0xCD, 0x82, 0xCD, 0x85, 0xDF, 0x08,
    0xCE, 0x91, 0xCC, 0x94, 0xCC, 0x80, 0xCD, 0x85, 0xDF, 0x08, 0xCE, 0x91, 0xCC, 0x94, 0xCC, 0x81,
    0xCD, 0x85, 0xDF, 0x08, 0xCE, 0x91, 0xCC, 0x94, 0xCD, 0x82, 0xCD, 0x85, 0xDF, 0x08, 0xCE, 0x97,
    0xCC, 0x93, 0xCC, 0x80, 0xCD, 0x85, 0xDF, 0x08, 0xCE, 0x97, 0xCC, 0x93, 0xCC, 0x81, 0xCD, 0x85,
    0xDF, 0x08, 0xCE, 0x97, 0xCC, 0x93, 0xCD, 0x82, 0xCD, 0x85, 0xDF, 0x08, 0xCE, 0x97, 0xCC, 0x94,
    0xCC, 0x80, 0xCD, 0x85, 0xDF, 0x08, 0xCE, 0x97, 0xCC, 0x94, 0xCC, 0x81, 0xCD, 0x85, 0xDF, 0x08,
    0xCE, 0x97, 0xCC, 0x94, 0xCD, 0x82, 0xCD, 0x85, 0xDF, 0x08, 0xCE, 0xA9, 0xCC, 0x93, 0xCC, 0x80,
    0xCD, 0x85, 0xDF, 0x08, 0xCE, 0xA9, 0xCC, 0x93, 0xCC, 0x81, 0xCD, 0x85, 0xDF, 0x08, 0xCE, 0xA9,
    0xCC, 0x93, 0xCD, 0x82, 0xCD, 0x85, 0xDF, 0x08, 0xCE, 0xA9, 0xCC, 0x94, 0xCC, 0x80, 0xCD, 0x85,
    0xDF, 0x08, 0xCE, 0xA9, 0xCC, 0x94, 0xCC, 0x81, 0xCD, 0x85, 0xDF, 0x08, 0xCE, 0xA9, 0xCC, 0x94,
    0xCD, 0x82, 0xCD, 0x85, 0xDF, 0x08, 0xCE, 0xB1, 0xCC, 0x93, 0xCC, 0x80, 0xCD, 0x85, 0xDF, 0x08,
    0xCE, 0xB1, 0xCC, 0x93, 0xCC, 0x81, 0xCD, 0x85, 0xDF, 0x08, 0xCE, 0xB1, 0xCC, 0x93, 0xCD, 0x82,
    0xCD, 0x85, 0xDF, 0x08, 0xCE, 0xB1, 0xCC, 0x94, 0xCC, 0x80, 0xCD, 0x85, 0xDF, 0x08, 0xCE, 0xB1,
    0xCC, 0x94, 0xCC, 0x81, 0xCD, 0x85, 0xDF, 0x08, 0xCE, 0xB1, 0xCC, 0x94, 0xCD, 0x82, 0xCD, 0x85,
    0xDF, 0x08, 0xCE, 0xB7, 0xCC, 0x93, 0xCC, 0x80, 0xCD, 0x85, 0xDF, 0x08, 0xCE, 0xB7, 0xCC, 0x93,
    0xCC, 0x81, 0xCD, 0x85, 0xDF, 0x08, 0xCE, 0xB7, 0xCC, 0x93, 0xCD, 0x82, 0xCD, 0x85, 0xDF, 0x08,
    0xCE, 0xB7, 0xCC, 0x94, 0xCC, 0x80, 0xCD, 0x85, 0xDF, 0x08, 0xCE, 0xB7, 0xCC, 0x94, 0xCC, 0x81,
    0xCD, 0x85, 0xDF, 0x08, 0xCE, 0xB7, 0xCC, 0x94, 0xCD, 0x82, 0xCD, 0x85, 0xDF, 0x08, 0xCF, 0x89,
    0xCC, 0x93, 0xCC, 0x80, 0xCD, 0x85, 0xDF, 0x08, 0xCF, 0x89, 0xCC, 0x93, 0xCC, 0x81, 0xCD, 0x85,
    0xDF, 0x08, 0xCF, 0x89, 0xCC, 0x93, 0xCD, 0x82, 0xCD, 0x85, 0xDF, 0x08, 0xCF, 0x89, 0xCC, 0x94,
    0xCC, 0x80, 0xCD, 0x85, 0xDF, 0x08, 0xCF, 0x89, 0xCC, 0x94, 0xCC, 0x81, 0xCD, 0x85, 0xDF, 0x08,
    0xCF, 0x89, 0xCC, 0x94, 0xCD, 0x82, 0xCD, 0x85, 0xDF, 0x08, 0xF0, 0x91, 0x82, 0x99, 0xF0, 0x91,
    0x82, 0xBA, 0x0D, 0x08, 0xF0, 0x91, 0x82, 0x9B, 0xF0, 0x91, 0x82, 0xBA, 0x0D, 0x08, 0xF0, 0x91,
    0x82, 0xA5, 0xF0, 0x91, 0x82, 0xBA, 0x0D, 0x42, 0xC2, 0xB4, 0x01, 0x43, 0x20, 0xCC, 0x81, 0xCD,
    0x43, 0x20, 0xCC, 0x83, 0xCD, 0x43, 0x20, 0xCC, 0x84, 0xCD, 0x43, 0x20, 0xCC, 0x85, 0xCD, 0x43,
    0x20, 0xCC, 0x86, 0xCD, 0x43, 0x20, 0xCC, 0x87, 0xCD, 0x43, 0x20, 0xCC, 0x88, 0xCD, 0x43, 0x20,
    0xCC, 0x8A, 0xCD, 0x43, 0x20, 0xCC, 0x8B, 0xCD, 0x43, 0x20, 0xCC, 0x93, 0xCD, 0x43, 0x20, 0xCC,
    0x94, 0xCD, 0x43, 0x20, 0xCC, 0xA7, 0xA9, 0x43, 0x20, 0xCC, 0xA8, 0xA9, 0x43, 0x20, 0xCC, 0xB3,
    0xB9, 0x43, 0x20, 0xCD, 0x82, 0xCD, 0x43, 0x20, 0xCD, 0x85, 0xDD, 0x43, 0x20, 0xD9, 0x8B, 0x5D,
    0x43, 0x20, 0xD9, 0x8C, 0x61, 0x43, 0x20, 0xD9, 0x8D, 0x65, 0x43, 0x20, 0xD9, 0x8E, 0x69, 0x43,
    0x20, 0xD9, 0x8F, 0x6D, 0x43, 0x20, 0xD9, 0x90, 0x71, 0x43, 0x20, 0xD9, 0x91, 0x75, 0x43, 0x20,
    0xD9, 0x92, 0x79, 0x43, 0x41, 0xCC, 0x8A, 0xCD, 0x43, 0x73, 0xCC, 0x87, 0xCD, 0x44, 0x20, 0xE3,
    0x82, 0x99, 0x11, 0x44, 0x20, 0xE3, 0x82, 0x9A, 0x11, 0x44, 0xC2, 0xA8, 0xCC, 0x81, 0xCE, 0x44,
    0xCE, 0x91, 0xCC, 0x81, 0xCD, 0x44, 0xCE, 0x95, 0xCC, 0x81, 0xCD, 0x44, 0xCE, 0x97, 0xCC, 0x81,
    0xCD, 0x44, 0xCE, 0x99, 0xCC, 0x81, 0xCD, 0x44, 0xCE, 0x9F, 0xCC, 0x81, 0xCD, 0x44, 0xCE, 0xA5,
    0xCC, 0x81, 0xCD, 0x44, 0xCE, 0xA5, 0xCC, 0x88, 0xCD, 0x44, 0xCE, 0xA9, 0xCC, 0x81, 0xCD, 0x44,
    0xCE, 0xB1, 0xCC, 0x81, 0xCD, 0x44, 0xCE, 0xB5, 0xCC, 0x81, 0xCD, 0x44, 0xCE, 0xB7, 0xCC, 0x81,
    0xCD, 0x44, 0xCE, 0xB9, 0xCC, 0x81, 0xCD, 0x44, 0xCE, 0xBF, 0xCC, 0x81, 0xCD, 0x44, 0xCF, 0x85,
    0xCC, 0x81, 0xCD, 0x44, 0xCF, 0x89, 0xCC, 0x81, 0xCD, 0x44, 0xD7, 0x90, 0xD6, 0xB7, 0x35, 0x44,
    0xD7, 0x90, 0xD6, 0xB8, 0x39, 0x44, 0xD7, 0x90, 0xD6, 0xBC, 0x45, 0x44, 0xD7, 0x91, 0xD6, 0xBC,
    0x45, 0x44, 0xD7, 0x91, 0xD6, 0xBF, 0x4D, 0x44, 0xD7, 0x92, 0xD6, 0xBC, 0x45, 0x44, 0xD7, 0x93,
    0xD6, 0xBC, 0x45, 0x44, 0xD7, 0x94, 0xD6, 0xBC, 0x45, 0x44, 0xD7, 0x95, 0xD6, 0xB9, 0x3D, 0x44,
    0xD7, 0x95, 0xD6, 0xBC, 0x45, 0x44, 0xD7, 0x96, 0xD6, 0xBC, 0x45, 0x44, 0xD7, 0x98, 0xD6, 0xBC,
    0x45, 0x44, 0xD7, 0x99, 0xD6, 0xB4, 0x29, 0x44, 0xD7, 0x99, 0xD6, 0xBC, 0x45, 0x44, 0xD7, 0x9A,
    0xD6, 0xBC, 0x45, 0x44, 0xD7, 0x9B, 0xD6, 0xBC, 0x45, 0x44, 0xD7, 0x9B, 0xD6, 0xBF, 0x4D, 0x44,
    0xD7, 0x9C, 0xD6, 0xBC, 0x45, 0x44, 0xD7, 0x9E, 0xD6, 0xBC, 0x45, 0x44, 0xD7, 0xA0, 0xD6, 0xBC,
    0x45, 0x44, 0xD7, 0xA1, 0xD6, 0xBC, 0x45, 0x44, 0xD7, 0xA3, 0xD6, 0xBC, 0x45, 0x44, 0xD7, 0xA4,
    0xD6, 0xBC, 0x45, 0x44, 0xD7, 0xA4, 0xD6, 0xBF, 0x4D, 0x44, 0xD7, 0xA6, 0xD6, 0xBC, 0x45, 0x44,
    0xD7, 0xA7, 0xD6, 0xBC, 0x45, 0x44, 0xD7, 0xA8, 0xD6, 0xBC, 0x45, 0x44, 0xD7, 0xA9, 0xD6, 0xBC,
    0x45, 0x44, 0xD7, 0xA9, 0xD7, 0x81, 0x51, 0x44, 0xD7, 0xA9, 0xD7, 0x82, 0x55, 0x44, 0xD7, 0xAA,
    0xD6, 0xBC, 0x45, 0x44, 0xD7, 0xB2, 0xD6, 0xB7, 0x35, 0x44, 0xD8, 0xA7, 0xD9, 0x8B, 0x5D, 0x44,
    0xD8, 0xA7, 0xD9, 0x93, 0xCD, 0x44, 0xD8, 0xA7, 0xD9, 0x94, 0xCD, 0x44, 0xD8, 0xA7, 0xD9, 0x95,
    0xB9, 0x44, 0xD8, 0xB0, 0xD9, 0xB0, 0x7D, 0x44, 0xD8, 0xB1, 0xD9, 0xB0, 0x7D, 0x44, 0xD9, 0x80,
    0xD9, 0x8B, 0x5D, 0x44, 0xD9, 0x80, 0xD9, 0x8E, 0x69, 0x44, 0xD9, 0x80, 0xD9, 0x8F, 0x6D, 0x44,
    0xD9, 0x80, 0xD9, 0x90, 0x71, 0x44, 0xD9, 0x80, 0xD9, 0x91, 0x75, 0x44, 0xD9, 0x80, 0xD9, 0x92,
    0x79, 0x44, 0xD9, 0x87, 0xD9, 0xB0, 0x7D, 0x44, 0xD9, 0x88, 0xD9, 0x94, 0xCD, 0x44, 0xD9, 0x89,
    0xD9, 0xB0, 0x7D, 0x44, 0xD9, 0x8A, 0xD9, 0x94, 0xCD, 0x44, 0xDB, 0x92, 0xD9, 0x94, 0xCD, 0x44,
    0xDB, 0x95, 0xD9, 0x94, 0xCD, 0x45, 0x20, 0xCC, 0x88, 0xCC, 0x80, 0xCE, 0x45, 0x20, 0xCC, 0x88,
    0xCC, 0x81, 0xCE, 0x45, 0x20, 0xCC, 0x88, 0xCD, 0x82, 0xCE, 0x45, 0x20, 0xCC, 0x93, 0xCC, 0x80,
    0xCE, 0x45, 0x20, 0xCC, 0x93, 0xCC, 0x81, 0xCE, 0x45, 0x20, 0xCC, 0x93, 0xCD, 0x82, 0xCE, 0x45,
    0x20, 0xCC, 0x94, 0xCC, 0x80, 0xCE, 0x45, 0x20, 0xCC, 0x94, 0xCC, 0x81, 0xCE, 0x45, 0x20, 0xCC,
    0x94, 0xCD, 0x82, 0xCE, 0x45, 0x20, 0xD9, 0x8C, 0xD9, 0x91, 0x76, 0x45, 0x20, 0xD9, 0x8D, 0xD9,
    0x91, 0x76, 0x45, 0x20, 0xD9, 0x8E, 0xD9, 0x91, 0x76, 0x45, 0x20, 0xD9, 0x8F, 0xD9, 0x91, 0x76,
    0x45, 0x20, 0xD9, 0x90, 0xD9, 0x91, 0x76, 0x45, 0x20, 0xD9, 0x91, 0xD9, 0xB0, 0x7E, 0x45, 0xE2,
    0xAB, 0x9D, 0xCC, 0xB8, 0x05, 0x46, 0xCE, 0xB9, 0xCC, 0x88, 0xCC, 0x81, 0xCE, 0x46, 0xCF, 0x85,
    0xCC, 0x88, 0xCC, 0x81, 0xCE, 0x46, 0xD7, 0xA9, 0xD6, 0xBC, 0xD7, 0x81, 0x52, 0x46, 0xD7, 0xA9,
    0xD6, 0xBC, 0xD7, 0x82, 0x56, 0x46, 0xD9, 0x80, 0xD9, 0x8E, 0xD9, 0x91, 0x76, 0x46, 0xD9, 0x80,
    0xD9, 0x8F, 0xD9, 0x91, 0x76, 0x46, 0xD9, 0x80, 0xD9, 0x90, 0xD9, 0x91, 0x76, 0x46, 0xE0, 0xA4,
    0x95, 0xE0, 0xA4, 0xBC, 0x0D, 0x46, 0xE0, 0xA4, 0x96, 0xE0, 0xA4, 0xBC, 0x0D, 0x46, 0xE0, 0xA4,
    0x97, 0xE0, 0xA4, 0xBC, 0x0D, 0x46, 0xE0, 0xA4, 0x9C, 0xE0, 0xA4, 0xBC, 0x0D, 0x46, 0xE0, 0xA4,
    0xA1, 0xE0, 0xA4, 0xBC, 0x0D, 0x46, 0xE0, 0xA4, 0xA2, 0xE0, 0xA4, 0xBC, 0x0D, 0x46, 0xE0, 0xA4,
    0xAB, 0xE0, 0xA4, 0xBC, 0x0D, 0x46, 0xE0, 0xA4, 0xAF, 0xE0, 0xA4, 0xBC, 0x0D, 0x46, 0xE0, 0xA6,
    0xA1, 0xE0, 0xA6, 0xBC, 0x0D, 0x46, 0xE0, 0xA6, 0xA2, 0xE0, 0xA6, 0xBC, 0x0D, 0x46, 0xE0, 0xA6,
    0xAF, 0xE0, 0xA6, 0xBC, 0x0D, 0x46, 0xE0, 0xA8, 0x96, 0xE0, 0xA8, 0xBC, 0x0D, 0x46, 0xE0, 0xA8,
    0x97, 0xE0, 0xA8, 0xBC, 0x0D, 0x46, 0xE0, 0xA8, 0x9C, 0xE0, 0xA8, 0xBC, 0x0D, 0x46, 0xE0, 0xA8,
    0xAB, 0xE0, 0xA8, 0xBC, 0x0D, 0x46, 0xE0, 0xA8, 0xB2, 0xE0, 0xA8, 0xBC, 0x0D, 0x46, 0xE0, 0xA8,
    0xB8, 0xE0, 0xA8, 0xBC, 0x0D, 0x46, 0xE0, 0xAC, 0xA1, 0xE0, 0xAC, 0xBC, 0x0D, 0x46, 0xE0, 0xAC,
    0xA2, 0xE0, 0xAC, 0xBC, 0x0D, 0x46, 0xE0, 0xBE, 0xB2, 0xE0, 0xBE, 0x80, 0xA1, 0x46, 0xE0, 0xBE,
    0xB3, 0xE0, 0xBE, 0x80, 0xA1, 0x46, 0xE3, 0x83, 0x86, 0xE3, 0x82, 0x99, 0x11, 0x48, 0xF0, 0x9D,
    0x85, 0x97, 0xF0, 0x9D, 0x85, 0xA5, 0xB1, 0x48, 0xF0, 0x9D, 0x85, 0x98, 0xF0, 0x9D, 0x85, 0xA5,
    0xB1, 0x48, 0xF0, 0x9D, 0x86, 0xB9, 0xF0, 0x9D, 0x85, 0xA5, 0xB1, 0x48, 0xF0, 0x9D, 0x86, 0xBA,
    0xF0, 0x9D, 0x85, 0xA5, 0xB1, 0x49, 0xE0, 0xBE, 0xB2, 0xE0, 0xBD, 0xB1, 0xE0, 0xBE, 0x80, 0xA2,
    0x49, 0xE0, 0xBE, 0xB3, 0xE0, 0xBD, 0xB1, 0xE0, 0xBE, 0x80, 0xA2, 0x4C, 0xF0, 0x9D, 0x85, 0x98,
    0xF0, 0x9D, 0x85, 0xA5, 0xF0, 0x9D, 0x85, 0xAE, 0xB2, 0x4C, 0xF0, 0x9D, 0x85, 0x98, 0xF0, 0x9D,
    0x85, 0xA5, 0xF0, 0x9D, 0x85, 0xAF, 0xB2, 0x4C, 0xF0, 0x9D, 0x85, 0x98, 0xF0, 0x9D, 0x85, 0xA5,
    0xF0, 0x9D, 0x85, 0xB0, 0xB2, 0x4C, 0xF0, 0x9D, 0x85, 0x98, 0xF0, 0x9D, 0x85, 0xA5, 0xF0, 0x9D,
    0x85, 0xB1, 0xB2, 0x4C, 0xF0, 0x9D, 0x85, 0x98, 0xF0, 0x9D, 0x85, 0xA5, 0xF0, 0x9D, 0x85, 0xB2,
    0xB2, 0x4C, 0xF0, 0x9D, 0x86, 0xB9, 0xF0, 0x9D, 0x85, 0xA5, 0xF0, 0x9D, 0x85, 0xAE, 0xB2, 0x4C,
    0xF0, 0x9D, 0x86, 0xB9, 0xF0, 0x9D, 0x85, 0xA5, 0xF0, 0x9D, 0x85, 0xAF, 0xB2, 0x4C, 0xF0, 0x9D,
    0x86, 0xBA, 0xF0, 0x9D, 0x85, 0xA5, 0xF0, 0x9D, 0x85, 0xAE, 0xB2, 0x4C, 0xF0, 0x9D, 0x86, 0xBA,
    0xF0, 0x9D, 0x85, 0xA5, 0xF0, 0x9D, 0x85, 0xAF, 0xB2, 0x83, 0x41, 0xCC, 0x82, 0xCD, 0x83, 0x41,
    0xCC, 0x86, 0xCD, 0x83, 0x41, 0xCC, 0x87, 0xCD, 0x83, 0x41, 0xCC, 0x88, 0xCD, 0x83, 0x41, 0xCC,
    0x8A, 0xCD, 0x83, 0x41, 0xCC, 0xA3, 0xB9, 0x83, 0x43, 0xCC, 0xA7, 0xA9, 0x83, 0x45, 0xCC, 0x82,
    0xCD, 0x83, 0x45, 0xCC, 0x84, 0xCD, 0x83, 0x45, 0xCC, 0xA3, 0xB9, 0x83, 0x45, 0xCC, 0xA7, 0xA9,
    0x83, 0x49, 0xCC, 0x88, 0xCD, 0x83, 0x4C, 0xCC, 0xA3, 0xB9, 0x83, 0x4F, 0xCC, 0x82, 0xCD, 0x83,
    0x4F, 0xCC, 0x83, 0xCD, 0x83, 0x4F, 0xCC, 0x84, 0xCD, 0x83, 0x4F, 0xCC, 0x87, 0xCD, 0x83, 0x4F,
    0xCC, 0x88, 0xCD, 0x83, 0x4F, 0xCC, 0x9B, 0xB1, 0x83, 0x4F, 0xCC, 0xA3, 0xB9, 0x83, 0x4F, 0xCC,
    0xA8, 0xA9, 0x83, 0x52, 0xCC, 0xA3, 0xB9, 0x83, 0x53, 0xCC, 0x81, 0xCD, 0x83, 0x53, 0xCC, 0x8C,
    0xCD, 0x83, 0x53, 0xCC, 0xA3, 0xB9, 0x83, 0x55, 0xCC, 0x83, 0xCD, 0x83, 0x55, 0xCC, 0x84, 0xCD,
    0x83, 0x55, 0xCC, 0x88, 0xCD, 0x83, 0x55, 0xCC, 0x9B, 0xB1, 0x83, 0x61, 0xCC, 0x82, 0xCD, 0x83,
    0x61, 0xCC, 0x86, 0xCD, 0x83, 0x61, 0xCC, 0x87, 0xCD, 0x83, 0x61, 0xCC, 0x88, 0xCD, 0x83, 0x61,
    0xCC, 0x8A, 0xCD, 0x83, 0x61, 0xCC, 0xA3, 0xB9, 0x83, 0x63, 0xCC, 0xA7, 0xA9, 0x83, 0x65, 0xCC,
    0x82, 0xCD, 0x83, 0x65, 0xCC, 0x84, 0xCD, 0x83, 0x65, 0xCC, 0xA3, 0xB9, 0x83, 0x65, 0xCC, 0xA7,
    0xA9, 0x83, 0x69, 0xCC, 0x88, 0xCD, 0x83, 0x6C, 0xCC, 0xA3, 0xB9, 0x83, 0x6F, 0xCC, 0x82, 0xCD,
    0x83, 0x6F, 0xCC, 0x83, 0xCD, 0x83, 0x6F, 0xCC, 0x84, 0xCD, 0x83, 0x6F, 0xCC, 0x87, 0xCD, 0x83,
    0x6F, 0xCC, 0x88, 0xCD, 0x83, 0x6F, 0xCC, 0x9B, 0xB1, 0x83, 0x6F, 0xCC, 0xA3, 0xB9, 0x83, 0x6F,
    0xCC, 0xA8, 0xA9, 0x83, 0x72, 0xCC, 0xA3, 0xB9, 0x83, 0x73, 0xCC, 0x81, 0xCD, 0x83, 0x73, 0xCC,
    0x8C, 0xCD, 0x83, 0x73, 0xCC, 0xA3, 0xB9, 0x83, 0x75, 0xCC, 0x83, 0xCD, 0x83, 0x75, 0xCC, 0x84,
    0xCD, 0x83, 0x75, 0xCC, 0x88, 0xCD, 0x83, 0x75, 0xCC, 0x9B, 0xB1, 0x84, 0xCE, 0x91, 0xCC, 0x93,
    0xCD, 0x84, 0xCE, 0x91, 0xCC, 0x94, 0xCD, 0x84, 0xCE, 0x95, 0xCC, 0x93, 0xCD, 0x84, 0xCE, 0x95,
    0xCC, 0x94, 0xCD, 0x84, 0xCE, 0x97, 0xCC, 0x93, 0xCD, 0x84, 0xCE, 0x97, 0xCC, 0x94, 0xCD, 0x84,
    0xCE, 0x99, 0xCC, 0x93, 0xCD, 0x84, 0xCE, 0x99, 0xCC, 0x94, 0xCD, 0x84, 0xCE, 0x9F, 0xCC, 0x93,
    0xCD, 0x84, 0xCE, 0x9F, 0xCC, 0x94, 0xCD, 0x84, 0xCE, 0xA5, 0xCC, 0x94, 0xCD, 0x84, 0xCE, 0xA9,
    0xCC, 0x93, 0xCD, 0x84, 0xCE, 0xA9, 0xCC, 0x94, 0xCD, 0x84, 0xCE, 0xB1, 0xCC, 0x80, 0xCD, 0x84,
    0xCE, 0xB1, 0xCC, 0x81, 0xCD, 0x84, 0xCE, 0xB1, 0xCC, 0x93, 0xCD, 0x84, 0xCE, 0xB1, 0xCC, 0x94,
    0xCD, 0x84, 0xCE, 0xB1, 0xCD, 0x82, 0xCD, 0x84, 0xCE, 0xB5, 0xCC, 0x93, 0xCD, 0x84, 0xCE, 0xB5,
    0xCC, 0x94, 0xCD, 0x84, 0xCE, 0xB7, 0xCC, 0x80, 0xCD, 0x84, 0xCE, 0xB7, 0xCC, 0x81, 0xCD, 0x84,
    0xCE, 0xB7, 0xCC, 0x93, 0xCD, 0x84, 0xCE, 0xB7, 0xCC, 0x94, 0xCD, 0x84, 0xCE, 0xB7, 0xCD, 0x82,
    0xCD, 0x84, 0xCE, 0xB9, 0xCC, 0x88, 0xCD, 0x84, 0xCE, 0xB9, 0xCC, 0x93, 0xCD, 0x84, 0xCE, 0xB9,
    0xCC, 0x94, 0xCD, 0x84, 0xCE, 0xBF, 0xCC, 0x93, 0xCD, 0x84, 0xCE, 0xBF, 0xCC, 0x94, 0xCD, 0x84,
    0xCF, 0x85, 0xCC, 0x88, 0xCD, 0x84, 0xCF, 0x85, 0xCC, 0x93, 0xCD, 0x84, 0xCF, 0x85, 0xCC, 0x94,
    0xCD, 0x84, 0xCF, 0x89, 0xCC, 0x80, 0xCD, 0x84, 0xCF, 0x89, 0xCC, 0x81, 0xCD, 0x84, 0xCF, 0x89,
    0xCC, 0x93, 0xCD, 0x84, 0xCF, 0x89, 0xCC, 0x94, 0xCD, 0x84, 0xCF, 0x89, 0xCD, 0x82, 0xCD, 0x86,
    0xCE, 0x91, 0xCC, 0x93, 0xCC, 0x80, 0xCE, 0x86, 0xCE, 0x91, 0xCC, 0x93, 0xCC, 0x81, 0xCE, 0x86,
    0xCE, 0x91, 0xCC, 0x93, 0xCD, 0x82, 0xCE, 0x86, 0xCE, 0x91, 0xCC, 0x94, 0xCC, 0x80, 0xCE, 0x86,
    0xCE, 0x91, 0xCC, 0x94, 0xCC, 0x81, 0xCE, 0x86, 0xCE, 0x91, 0xCC, 0x94, 0xCD, 0x82, 0xCE, 0x86,
    0xCE, 0x97, 0xCC, 0x93, 0xCC, 0x80, 0xCE, 0x86, 0xCE, 0x97, 0xCC, 0x93, 0xCC, 0x81, 0xCE, 0x86,
    0xCE, 0x97, 0xCC, 0x93, 0xCD, 0x82, 0xCE, 0x86, 0xCE, 0x97, 0xCC, 0x94, 0xCC, 0x80, 0xCE, 0x86,
    0xCE, 0x97, 0xCC, 0x94, 0xCC, 0x81, 0xCE, 0x86, 0xCE, 0x97, 0xCC, 0x94, 0xCD, 0x82, 0xCE, 0x86,
    0xCE, 0xA9, 0xCC, 0x93, 0xCC, 0x80, 0xCE, 0x86, 0xCE, 0xA9, 0xCC, 0x93, 0xCC, 0x81, 0xCE, 0x86,
    0xCE, 0xA9, 0xCC, 0x93, 0xCD, 0x82, 0xCE, 0x86, 0xCE, 0xA9, 0xCC, 0x94, 0xCC, 0x80, 0xCE, 0x86,
    0xCE, 0xA9, 0xCC, 0x94, 0xCC, 0x81, 0xCE, 0x86, 0xCE, 0xA9, 0xCC, 0x94, 0xCD, 0x82, 0xCE, 0x86,
    0xCE, 0xB1, 0xCC, 0x93, 0xCC, 0x80, 0xCE, 0x86, 0xCE, 0xB1, 0xCC, 0x93, 0xCC, 0x81, 0xCE, 0x86,
    0xCE, 0xB1, 0xCC, 0x93, 0xCD, 0x82, 0xCE, 0x86, 0xCE, 0xB1, 0xCC, 0x94, 0xCC, 0x80, 0xCE, 0x86,
    0xCE, 0xB1, 0xCC, 0x94, 0xCC, 0x81, 0xCE, 0x86, 0xCE, 0xB1, 0xCC, 0x94, 0xCD, 0x82, 0xCE, 0x86,
    0xCE, 0xB7, 0xCC, 0x93, 0xCC, 0x80, 0xCE, 0x86, 0xCE, 0xB7, 0xCC, 0x93, 0xCC, 0x81, 0xCE, 0x86,
    0xCE, 0xB7, 0xCC, 0x93, 0xCD, 0x82, 0xCE, 0x86, 0xCE, 0xB7, 0xCC, 0x94, 0xCC, 0x80, 0xCE, 0x86,
    0xCE, 0xB7, 0xCC, 0x94, 0xCC, 0x81, 0xCE, 0x86, 0xCE, 0xB7, 0xCC, 0x94, 0xCD, 0x82, 0xCE, 0x86,
    0xCF, 0x89, 0xCC, 0x93, 0xCC, 0x80, 0xCE, 0x86, 0xCF, 0x89, 0xCC, 0x93, 0xCC, 0x81, 0xCE, 0x86,
    0xCF, 0x89, 0xCC, 0x93, 0xCD, 0x82, 0xCE, 0x86, 0xCF, 0x89, 0xCC, 0x94, 0xCC, 0x80, 0xCE, 0x86,
    0xCF, 0x89, 0xCC, 0x94, 0xCC, 0x81, 0xCE, 0x86, 0xCF, 0x89, 0xCC, 0x94, 0xCD, 0x82, 0xCE, 0x42,
    0xCC, 0x80, 0xCD, 0x33, 0x42, 0xCC, 0x81, 0xCD, 0x33, 0x42, 0xCC, 0x93, 0xCD, 0x33, 0x43, 0xE1,
    0x85, 0xA1, 0x01, 0x00, 0x43, 0xE1, 0x85, 0xA2, 0x01, 0x00, 0x43, 0xE1, 0x85, 0xA3, 0x01, 0x00,
    0x43, 0xE1, 0x85, 0xA4, 0x01, 0x00, 0x43, 0xE1, 0x85, 0xA5, 0x01, 0x00, 0x43, 0xE1, 0x85, 0xA6,
    0x01, 0x00, 0x43, 0xE1, 0x85, 0xA7, 0x01, 0x00, 0x43, 0xE1, 0x85, 0xA8, 0x01, 0x00, 0x43, 0xE1,
    0x85, 0xA9, 0x01, 0x00, 0x43, 0xE1, 0x85, 0xAA, 0x01, 0x00, 0x43, 0xE1, 0x85, 0xAB, 0x01, 0x00,
    0x43, 0xE1, 0x85, 0xAC, 0x01, 0x00, 0x43, 0xE1, 0x85, 0xAD, 0x01, 0x00, 0x43, 0xE1, 0x85, 0xAE,
    0x01, 0x00, 0x43, 0xE1, 0x85, 0xAF, 0x01, 0x00, 0x43, 0xE1, 0x85, 0xB0, 0x01, 0x00, 0x43, 0xE1,
    0x85, 0xB1, 0x01, 0x00, 0x43, 0xE1, 0x85, 0xB2, 0x01, 0x00, 0x43, 0xE1, 0x85, 0xB3, 0x01, 0x00,
    0x43, 0xE1, 0x85, 0xB4, 0x01, 0x00, 0x43, 0xE1, 0x85, 0xB5, 0x01, 0x00, 0x43, 0xE1, 0x86, 0xAA,
    0x01, 0x00, 0x43, 0xE1, 0x86, 0xAC, 0x01, 0x00, 0x43, 0xE1, 0x86, 0xAD, 0x01, 0x00, 0x43, 0xE1,
    0x86, 0xB0, 0x01, 0x00, 0x43, 0xE1, 0x86, 0xB1, 0x01, 0x00, 0x43, 0xE1, 0x86, 0xB2, 0x01, 0x00,
    0x43, 0xE1, 0x86, 0xB3, 0x01, 0x00, 0x43, 0xE1, 0x86, 0xB4, 0x01, 0x00, 0x43, 0xE1, 0x86, 0xB5,
    0x01, 0x00, 0x44, 0xCC, 0x88, 0xCC, 0x81, 0xCE, 0x33, 0x43, 0xE3, 0x82, 0x99, 0x11, 0x04, 0x43,
    0xE3, 0x82, 0x9A, 0x11, 0x04, 0x46, 0xE0, 0xBD, 0xB1, 0xE0, 0xBD, 0xB2, 0xA2, 0x27, 0x46, 0xE0,
    0xBD, 0xB1, 0xE0, 0xBD, 0xB4, 0xA6, 0x27, 0x46, 0xE0, 0xBD, 0xB1, 0xE0, 0xBE, 0x80, 0xA2, 0x27,
    0x00, 0x01,
];

pub(super) static NFC_VALUES: [u16; 3072] = [
    0x0000, 0x0000, 0x0000, 0x0000, 0x0000, 0x0000, 0x0000, 0x0000, 0x0000, 0x0000, 0x0000, 0x0000, 0x0000, 0x0000, 0x0000, 0x0000,
    0x0000, 0x0000, 0x0000, 0x0000, 0x0000, 0x0000, 0x0000, 0x0000, 0x0000, 0x0000, 0x0000, 0x0000, 0x0000, 0x0000, 0x0000, 0x0000,
    0x0000, 0x0000, 0x0000, 0x0000, 0x0000, 0x0000, 0x0000, 0x0000, 0x0000, 0x0000, 0x0000, 0x0000, 0x0000, 0x0000, 0x0000, 0x0000,
    0x0000, 0x0000, 0x0000, 0x0000, 0x0000, 0x0000, 0x0000, 0x0000, 0x0000, 0x0000, 0x0000, 0x0000, 0xA000, 0xA000, 0xA000, 0x0000,
    0x0000, 0xA000, 0xA000, 0xA000, 0xA000, 0xA000, 0xA000, 0xA000, 0xA000, 0xA000, 0xA000, 0xA000, 0xA000, 0xA000, 0xA000, 0xA000,
    0xA000, 0x0000, 0xA000, 0xA000, 0xA000, 0xA000, 0xA000, 0xA000, 0xA000, 0xA000, 0xA000, 0x0000, 0x0000, 0x0000, 0x0000, 0x0000,
    0x0000, 0xA000, 0xA000, 0xA000, 0xA000, 0xA000, 0xA000, 0xA000, 0xA000, 0xA000, 0xA000, 0xA000, 0xA000, 0xA000, 0xA000, 0xA000,
    0xA000, 0x0000, 0xA000, 0xA000, 0xA000, 0xA000, 0xA000, 0xA000, 0xA000, 0xA000, 0xA000, 0x0000, 0x0000, 0x0000, 0x0000, 0x0000,
    0x0000, 0x0000, 0x0000, 0x0000, 0x0000, 0x0000, 0x0000, 0x0000, 0x0000, 0x0000, 0x0000, 0x0000, 0x0000, 0x0000, 0x0000, 0x0000,
    0x0000, 0x0000, 0x0000, 0x0000, 0x0000, 0x0000, 0x0000, 0x0000, 0x0000, 0x0000, 0x0000, 0x0000, 0x0000, 0x0000, 0x0000, 0x0000,
    0x0000, 0x0000, 0x0000, 0x0000, 0x0000, 0x0000, 0x0000, 0x0000, 0x0000, 0x0000, 0x0000, 0x0000, 0x0000, 0x0000, 0x0000, 0x0000,
    0x0000, 0x0000, 0x0000, 0x0000, 0x0000, 0x0000, 0x0000, 0x0000, 0x0000, 0x0000, 0x0000, 0x0000, 0x0000, 0x0000, 0x0000, 0x0000,
    0x30B0, 0x30B5, 0x47C9, 0x30BA, 0x47D8, 0x47DD, 0xA000, 0x47E7, 0x3123, 0x3128, 0x47EC, 0x313C, 0x31AF, 0x31B4, 0x31B9, 0x4800,
    0x0000, 0x3245, 0x3268, 0x326D, 0x480A, 0x480F, 0x481E, 0x0000, 0xA000, 0x32F4, 0x32F9, 0x32FE, 0x4850, 0x3376, 0x0000, 0x0000,
    0x33BC, 0x33C1, 0x485A, 0x33C6, 0x4869, 0x486E, 0xA000, 0x4878, 0x342F, 0x3434, 0x487D, 0x3448, 0x34C0, 0x34C5, 0x34CA, 0x4891,
    0x0000, 0x3556, 0x3579, 0x357E, 0x489B, 0x48A0, 0x48AF, 0x0000, 0xA000, 0x360A, 0x360F, 0x3614, 0x48E1, 0x3691, 0x0000, 0x36AA,
    0x30BF, 0x33CB, 0x47CE, 0x485F, 0x30DD, 0x33E9, 0x30F1, 0x33FD, 0x30F6, 0x3402, 0x30FB, 0x3407, 0x3100, 0x340C, 0x310A, 0x3416,
    0x0000, 0x0000, 0x47F1, 0x4882, 0x3132, 0x343E, 0x3137, 0x3443, 0x3155, 0x3461, 0x3146, 0x3452, 0x316E, 0x347A, 0x3178, 0x3484,
    0x317D, 0x3489, 0x3187, 0x3493, 0x318C, 0x3498, 0x0000, 0x0000, 0x31BE, 0x34CF, 0x31C3, 0x34D4, 0x31C8, 0x34D9, 0x31EB, 0x34F7,
    0x31CD, 0x0000, 0x0000, 0x0000, 0x31F5, 0x3501, 0x3209, 0x351A, 0x0000, 0x3213, 0x3524, 0x321D, 0x352E, 0x3218, 0x3529, 0x0000,
    0x0000, 0x0000, 0x0000, 0x3240, 0x3551, 0x3259, 0x356A, 0x324F, 0x3560, 0x0000, 0x0000, 0x0000, 0x4814, 0x48A5, 0x3272, 0x3583,
    0x327C, 0x358D, 0x0000, 0x0000, 0x329A, 0x35AB, 0x32B3, 0x35C4, 0x32A4, 0x35B5, 0x4837, 0x48C8, 0x32BD, 0x35CE, 0x32CC, 0x35DD,
    0x483C, 0x48CD, 0x32E5, 0x35FB, 0x32D6, 0x35EC, 0x0000, 0x0000, 0x4846, 0x48D7, 0x484B, 0x48DC, 0x3303, 0x3619, 0x330D, 0x3623,
    0x3312, 0x3628, 0x3330, 0x3646, 0x3353, 0x3669, 0x337B, 0x3696, 0x338F, 0x339E, 0x36BE, 0x33A8, 0x36C8, 0x33AD, 0x36CD, 0xA000,
    0x0000, 0x0000, 0x0000, 0x0000, 0x8100, 0x8100, 0x8100, 0x0000, 0x0000, 0x0000, 0x0000, 0x0000, 0x0000, 0x30C9, 0x33D5, 0x31D7,
    0x34E3, 0x3281, 0x3592, 0x3317, 0x362D, 0x3B10, 0x3C9F, 0x3B09, 0x3C98, 0x3B17, 0x3CA6, 0x3B02, 0x3C91, 0x0000, 0x39F1, 0x3B80,
    0x39EA, 0x3B79, 0x36F4, 0x3706, 0x0000, 0x0000, 0x3182, 0x348E, 0x31FF, 0x3510, 0x482D, 0x48BE, 0x3AD1, 0x3C60, 0x3718, 0x371E,
    0x3506, 0x0000, 0x0000, 0x0000, 0x3169, 0x3475, 0x0000, 0x0000, 0x323B, 0x354C, 0x39F8, 0x3B87, 0x36EE, 0x3700, 0x36FA, 0x370C,
    0x30CE, 0x33DA, 0x30D3, 0x33DF, 0x314B, 0x3457, 0x3150, 0x345C, 0x31DC, 0x34E8, 0x31E1, 0x34ED, 0x3286, 0x3597, 0x328B, 0x359C,
    0x32A9, 0x35BA, 0x32AE, 0x35BF, 0x331C, 0x3632, 0x3321, 0x3637, 0x32C7, 0x35D8, 0x32E0, 0x35F6, 0x0000, 0x0000, 0x319B, 0x34A7,
    0x0000, 0x0000, 0x0000, 0x0000, 0x0000, 0x0000, 0x47D3, 0x4864, 0x47FB, 0x488C, 0x3AA0, 0x3C2F, 0x3A7D, 0x3C0C, 0x4819, 0x48AA,
    0x3A99, 0x3C28, 0x3385, 0x36A0, 0x0000, 0x0000, 0x0000, 0x0000, 0x0000, 0x0000, 0x0000, 0x0000, 0x0000, 0x0000, 0x0000, 0x0000,
    0x9933, 0x9933, 0x9933, 0x9933, 0x9933, 0x8133, 0x9933, 0x9933, 0x9933, 0x9933, 0x9933, 0x9933, 0x9933, 0x8133, 0x8133, 0x9933,
    0x8133, 0x9933, 0x8133, 0x9933, 0x9933, 0x8134, 0x812E, 0x812E, 0x812E, 0x812E, 0x8134, 0x992C, 0x812E, 0x812E, 0x812E, 0x812E,
    0x812E, 0x812A, 0x812A, 0x992E, 0x992E, 0x992E, 0x992E, 0x992A, 0x992A, 0x812E, 0x812E, 0x812E, 0x812E, 0x992E, 0x992E, 0x812E,
    0x992E, 0x992E, 0x812E, 0x812E, 0x8101, 0x8101, 0x8101, 0x8101, 0x9901, 0x812E, 0x812E, 0x812E, 0x812E, 0x8133, 0x8133, 0x8133,
    0x4AEF, 0x4AF4, 0x9933, 0x4AF9, 0x4BB2, 0x9937, 0x8133, 0x812E, 0x812E, 0x812E, 0x8133, 0x8133, 0x8133, 0x812E, 0x812E, 0x0000,
    0x8133, 0x8133, 0x8133, 0x812E, 0x812E, 0x812E, 0x812E, 0x8133, 0x8134, 0x812E, 0x812E, 0x8133, 0x8135, 0x8136, 0x8136, 0x8135,
    0x8136, 0x8136, 0x8135, 0x8133, 0x8133, 0x8133, 0x8133, 0x8133, 0x8133, 0x8133, 0x8133, 0x8133, 0x8133, 0x8133, 0x8133, 0x8133,
    0x0000, 0x0000, 0x0000, 0x0000, 0x01EE, 0x0000, 0x0000, 0x0000, 0x0000, 0x0000, 0x8100, 0x0000, 0x0000, 0x0000, 0x0037, 0x0000,
    0x0000, 0x0000, 0x0000, 0x0000, 0x8100, 0x36E2, 0x372A, 0x00CE, 0x3748, 0x3754, 0x3766, 0x0000, 0x3784, 0x0000, 0x3796, 0x37B4,
    0x3F49, 0xA000, 0x0000, 0x0000, 0x0000, 0xA000, 0x0000, 0xA000, 0x0000, 0xA000, 0x0000, 0x0000, 0x0000, 0x0000, 0x0000, 0xA000,
    0x0000, 0xA000, 0x0000, 0x0000, 0x0000, 0xA000, 0x0000, 0x0000, 0x0000, 0xA000, 0x3778, 0x37A8, 0x493F, 0x37D8, 0x4969, 0x37EA,
    0x3FB1, 0xA000, 0x0000, 0x0000, 0x0000, 0xA000, 0x0000, 0xA000, 0x0000, 0xA000, 0x0000, 0x0000, 0x0000, 0x0000, 0x0000, 0xA000,
    0x3862, 0x386E, 0x0000, 0x385C, 0x0000, 0x0000, 0xA000, 0x384A, 0x0000, 0x0000, 0x0000, 0x0000, 0x389E, 0x3886, 0x38B0, 0x0000,
    0xA000, 0x0000, 0x0000, 0xA000, 0x0000, 0xA000, 0xA000, 0xA000, 0xA000, 0x3892, 0xA000, 0x0000, 0x0000, 0x0000, 0xA000, 0x0000,
    0x0000, 0x0000, 0x0000, 0xA000, 0x0000, 0x0000, 0x0000, 0xA000, 0x0000, 0x0000, 0x0000, 0xA000, 0x0000, 0xA000, 0x0000, 0x0000,
    0xA000, 0x0000, 0x0000, 0xA000, 0x0000, 0xA000, 0xA000, 0xA000, 0xA000, 0x3916, 0xA000, 0x0000, 0x0000, 0x0000, 0xA000, 0x0000,
    0x0000, 0x3874, 0x38F8, 0x0000, 0x0000, 0x0000, 0x0000, 0x0000, 0x0000, 0x0000, 0x0000, 0x0000, 0x0000, 0x0000, 0x0000, 0x0000,
    0x3850, 0x38D4, 0x3856, 0x38DA, 0x0000, 0x0000, 0x3868, 0x38EC, 0xA000, 0xA000, 0x396A, 0x3970, 0x387A, 0x38FE, 0x3880, 0x3904,
    0x0000, 0x0000, 0x388C, 0x3910, 0x3898, 0x391C, 0x38A4, 0x3928, 0xA000, 0xA000, 0x3976, 0x397C, 0x38CE, 0x3952, 0x38AA, 0x392E,
    0x38B6, 0x393A, 0x38BC, 0x3940, 0x38C2, 0x3946, 0x0000, 0x0000, 0x38C8, 0x394C, 0x0000, 0x0000, 0x0000, 0x0000, 0x0000, 0x0000,
    0x0000, 0x0000, 0x0000, 0x0000, 0x0000, 0x0000, 0x0000, 0x0000, 0x0000, 0x0000, 0x0000, 0x0000, 0x0000, 0x0000, 0x0000, 0x0000,
    0x0000, 0x812E, 0x8133, 0x8133, 0x8133, 0x8133, 0x812E, 0x8133, 0x8133, 0x8133, 0x812F, 0x812E, 0x8133, 0x8133, 0x8133, 0x8133,
    0x8133, 0x8133, 0x812E, 0x812E, 0x812E, 0x812E, 0x812E, 0x812E, 0x8133, 0x8133, 0x812E, 0x8133, 0x8133, 0x812F, 0x8132, 0x8133,
    0x8106, 0x8107, 0x8108, 0x8109, 0x810A, 0x810B, 0x810C, 0x810D, 0x810E, 0x810F, 0x810F, 0x8110, 0x8111, 0x8112, 0x0000, 0x8113,
    0x0000, 0x0000, 0x0000, 0x0000, 0x0000, 0x0000, 0x0000, 0x0000, 0xA000, 0x0000, 0xA000, 0x8117, 0x8118, 0x8119, 0x811A, 0x811B,
    0x811C, 0x811D, 0x811E, 0x9933, 0x9933, 0x992E, 0x812E, 0x8133, 0x8133, 0x8133, 0x8133, 0x8133, 0x812E, 0x8133, 0x8133, 0x812E,
    0x0000, 0x0000, 0x0000, 0x0000, 0x0000, 0x0000, 0x0000, 0x0000, 0x0000, 0x0000, 0x0000, 0x0000, 0x0000, 0x0000, 0x0000, 0x0000,
    0x811F, 0x0000, 0x0000, 0x0000, 0x0000, 0x0000, 0x0000, 0x0000, 0x0000, 0x0000, 0x0000, 0x0000, 0x0000, 0x0000, 0x0000, 0x0000,
    0x0000, 0x0000, 0x0000, 0x0000, 0x0000, 0x0000, 0x0000, 0x0000, 0x0000, 0x0000, 0x8133, 0x8133, 0x8133, 0x8133, 0x8133, 0x812E,
    0x812E, 0x812E, 0x812E, 0x812E, 0x8133, 0x8133, 0x8133, 0x8133, 0x8133, 0x8133, 0x8133, 0x8133, 0x8133, 0x8133, 0x8133, 0x8133,
    0x8133, 0x8133, 0x0000, 0x812E, 0x8133, 0x8133, 0x812E, 0x8133, 0x8133, 0x812E, 0x8133, 0x8133, 0x8133, 0x812E, 0x812E, 0x812E,
    0x8117, 0x8118, 0x8119, 0x8133, 0x8133, 0x8133, 0x812E, 0x8133, 0x8133, 0x812E, 0x812E, 0x8133, 0x8133, 0x8133, 0x8133, 0x8133,
    0x0000, 0x0000, 0x0000, 0x0000, 0x0000, 0xA000, 0x2E5D, 0xA000, 0x2E65, 0xA000, 0x2E6D, 0xA000, 0x2E75, 0xA000, 0x2E7D, 0x0000,
    0x0000, 0xA000, 0x2E85, 0x0000, 0x0000, 0x0000, 0x0000, 0x0000, 0x0000, 0x0000, 0x0000, 0x0000, 0x0000, 0x0000, 0x0000, 0x0000,
    0x0000, 0x0000, 0x0000, 0x0000, 0x0000, 0x0000, 0x0000, 0x0000, 0x0000, 0x0000, 0x0000, 0x0000, 0x0000, 0x0000, 0x0000, 0x0000,
    0x0000, 0x0000, 0x0000, 0x0000, 0x8103, 0x9900, 0x0000, 0x0000, 0x0000, 0x0000, 0xA000, 0x2E8D, 0xA000, 0x2E95, 0xA000, 0xA000,
    0x8133, 0x8133, 0x812E, 0x8133, 0x8133, 0x8133, 0x8133, 0x8133, 0x8133, 0x8133, 0x812E, 0x8133, 0x8133, 0x8136, 0x812B, 0x812E,
    0x812A, 0x8133, 0x8133, 0x8133, 0x8133, 0x8133, 0x8133, 0x8133, 0x8133, 0x8133, 0x8133, 0x8133, 0x8133, 0x8133, 0x8133, 0x8133,
    0x8133, 0x8133, 0x8133, 0x8133, 0x8133, 0x8133, 0x8133, 0x8133, 0x8133, 0x8133, 0x8133, 0x8133, 0x8133, 0x8133, 0x8133, 0x8133,
    0x8133, 0x8133, 0x8133, 0x8133, 0x8133, 0x8133, 0x8134, 0x8132, 0x8132, 0x812E, 0x812D, 0x8133, 0x8135, 0x812E, 0x8133, 0x812E,
    0x30D8, 0x33E4, 0x30E2, 0x33EE, 0x30E7, 0x33F3, 0x30EC, 0x33F8, 0x3A0D, 0x3B9C, 0x3105, 0x3411, 0x310F, 0x341B, 0x311E, 0x342A,
    0x3114, 0x3420, 0x3119, 0x3425, 0x3A30, 0x3BBF, 0x3A37, 0x3BC6, 0x315A, 0x3466, 0x315F, 0x346B, 0x3A45, 0x3BD4, 0x3164, 0x3470,
    0x3173, 0x347F, 0x3191, 0x349D, 0x31A0, 0x34AC, 0x3196, 0x34A2, 0x31A5, 0x34B1, 0x31AA, 0x34B6, 0x31F0, 0x34FC, 0x3A4C, 0x3BDB,
    0x31FA, 0x350B, 0x3204, 0x3515, 0x320E, 0x351F, 0x4805, 0x4896, 0x3A53, 0x3BE2, 0x3227, 0x3538, 0x3222, 0x3533, 0x322C, 0x353D,
    0x3231, 0x3542, 0x3236, 0x3547, 0x324A, 0x355B, 0x3254, 0x3565, 0x3263, 0x3574, 0x325E, 0x356F, 0x3A76, 0x3C05, 0x3A84, 0x3C13,
    0x3A8B, 0x3C1A, 0x3A92, 0x3C21, 0x3290, 0x35A1, 0x3295, 0x35A6, 0x329F, 0x35B0, 0x4832, 0x48C3, 0x3AD8, 0x3C67, 0x32B8, 0x35C9,
    0x32C2, 0x35D3, 0x4841, 0x48D2, 0x3ADF, 0x3C6E, 0x3AE6, 0x3C75, 0x3AED, 0x3C7C, 0x32D1, 0x35E2, 0x32DB, 0x35F1, 0x32EF, 0x3605,
    0x32EA, 0x3600, 0x332B, 0x3641, 0x333A, 0x3650, 0x3335, 0x364B, 0x3AF4, 0x3C83, 0x3AFB, 0x3C8A, 0x333F, 0x3655, 0x3344, 0x365A,
    0x3349, 0x365F, 0x334E, 0x3664, 0x335D, 0x3673, 0x3358, 0x366E, 0x3362, 0x367D, 0x3367, 0x3682, 0x336C, 0x3687, 0x338A, 0x36A5,
    0x33A3, 0x36C3, 0x33B2, 0x36D2, 0x33B7, 0x36D7, 0x34BB, 0x35E7, 0x3678, 0x36B4, 0x0000, 0x3712, 0x0000, 0x0000, 0x0000, 0x0000,
    0x47E2, 0x4873, 0x30C4, 0x33D0, 0x39B9, 0x3B48, 0x39B2, 0x3B41, 0x39C7, 0x3B56, 0x39C0, 0x3B4F, 0x39FF, 0x3B8E, 0x39D5, 0x3B64,
    0x39CE, 0x3B5D, 0x39E3, 0x3B72, 0x39DC, 0x3B6B, 0x3A06, 0x3B95, 0x47F6, 0x4887, 0x3141, 0x344D, 0x312D, 0x3439, 0x3A1B, 0x3BAA,
    0x3A14, 0x3BA3, 0x3A29, 0x3BB8, 0x3A22, 0x3BB1, 0x3A3E, 0x3BCD, 0x31D2, 0x34DE, 0x31E6, 0x34F2, 0x4828, 0x48B9, 0x3277, 0x3588,
    0x3A61, 0x3BF0, 0x3A5A, 0x3BE9, 0x3A6F, 0x3BFE, 0x3A68, 0x3BF7, 0x3ACA, 0x3C59, 0x3AAE, 0x3C3D, 0x3AA7, 0x3C36, 0x3ABC, 0x3C4B,
    0x3AB5, 0x3C44, 0x3AC3, 0x3C52, 0x3326, 0x363C, 0x3308, 0x361E, 0x3B25, 0x3CB4, 0x3B1E, 0x3CAD, 0x3B33, 0x3CC2, 0x3B2C, 0x3CBB,
    0x3B3A, 0x3CC9, 0x3371, 0x368C, 0x3399, 0x36B9, 0x3394, 0x36AF, 0x3380, 0x369B, 0x0000, 0x0000, 0x0000, 0x0000, 0x0000, 0x0000,
    0x4945, 0x494B, 0x4A5F, 0x4A77, 0x4A67, 0x4A7F, 0x4A6F, 0x4A87, 0x48EB, 0x48F1, 0x49CF, 0x49E7, 0x49D7, 0x49EF, 0x49DF, 0x49F7,
    0x4957, 0x495D, 0x3EF9, 0x3F09, 0x3F01, 0x3F11, 0x0000, 0x0000, 0x48F7, 0x48FD, 0x3E29, 0x3E39, 0x3E31, 0x3E41, 0x0000, 0x0000,
    0x496F, 0x4975, 0x4A8F, 0x4AA7, 0x4A97, 0x4AAF, 0x4A9F, 0x4AB7, 0x4903, 0x4909, 0x49FF, 0x4A17, 0x4A07, 0x4A1F, 0x4A0F, 0x4A27,
    0x4987, 0x498D, 0x3F59, 0x3F71, 0x3F61, 0x3F79, 0x3F69, 0x3F81, 0x490F, 0x4915, 0x3E59, 0x3E71, 0x3E61, 0x3E79, 0x3E69, 0x3E81,
    0x4993, 0x4999, 0x3F89, 0x3F99, 0x3F91, 0x3FA1, 0x0000, 0x0000, 0x491B, 0x4921, 0x3E89, 0x3E99, 0x3E91, 0x3EA1, 0x0000, 0x0000,
    0x49A5, 0x49AB, 0x3FC1, 0x3FD9, 0x3FC9, 0x3FE1, 0x3FD1, 0x3FE9, 0x0000, 0x4927, 0x0000, 0x3EA9, 0x0000, 0x3EB1, 0x0000, 0x3EB9,
    0x49BD, 0x49C3, 0x4ABF, 0x4AD7, 0x4AC7, 0x4ADF, 0x4ACF, 0x4AE7, 0x492D, 0x4933, 0x4A2F, 0x4A47, 0x4A37, 0x4A4F, 0x4A3F, 0x4A57,
    0x4939, 0x445F, 0x37D2, 0x4465, 0x4963, 0x446B, 0x37E4, 0x4471, 0x3802, 0x4477, 0x381A, 0x447D, 0x49B1, 0x4483, 0x0000, 0x0000,
    0x3EE1, 0x3EE9, 0x42C5, 0x42E3, 0x42CF, 0x42ED, 0x42D9, 0x42F7, 0x3E19, 0x3E21, 0x4211, 0x422F, 0x421B, 0x4239, 0x4225, 0x4243,
    0x3F29, 0x3F31, 0x4301, 0x431F, 0x430B, 0x4329, 0x4315, 0x4333, 0x3E49, 0x3E51, 0x424D, 0x426B, 0x4257, 0x4275, 0x4261, 0x427F,
    0x4001, 0x4009, 0x433D, 0x435B, 0x4347, 0x4365, 0x4351, 0x436F, 0x3EC1, 0x3EC9, 0x4289, 0x42A7, 0x4293, 0x42B1, 0x429D, 0x42BB,
    0x37C6, 0x37C0, 0x3ED1, 0x37CC, 0x3ED9, 0x0000, 0x4951, 0x3EF1, 0x3736, 0x3730, 0x3724, 0x442F, 0x373C, 0x8100, 0x0257, 0xA100,
    0x8100, 0x36E8, 0x3F19, 0x37DE, 0x3F21, 0x0000, 0x497B, 0x3F39, 0x3742, 0x4435, 0x374E, 0x443B, 0x375A, 0x3CD0, 0x3CD7, 0x3CDE,
    0x37F6, 0x37F0, 0x3F41, 0x4625, 0x0000, 0x0000, 0x37FC, 0x3F51, 0x3772, 0x376C, 0x3760, 0x4441, 0x0000, 0x3CE5, 0x3CEC, 0x3CF3,
    0x382C, 0x3826, 0x3FA9, 0x462D, 0x380E, 0x3814, 0x3832, 0x3FB9, 0x37A2, 0x379C, 0x3790, 0x444D, 0x378A, 0x36DC, 0x4429, 0x0081,
    0x0000, 0x0000, 0x3FF1, 0x3838, 0x3FF9, 0x0000, 0x49C9, 0x4011, 0x377E, 0x4447, 0x37AE, 0x4459, 0x37BA, 0x4397, 0xA100, 0x0000,
    0x0000, 0x3D47, 0x0000, 0xA000, 0x3D4E, 0xA000, 0x0000, 0x3D55, 0xA000, 0x3D5C, 0x0000, 0x0000, 0x0000, 0xA000, 0x0000, 0x0000,
    0x0000, 0x0000, 0x0000, 0x0000, 0x0000, 0x0000, 0x0000, 0x0000, 0x0000, 0x0000, 0x0000, 0x0000, 0x0000, 0x0000, 0x0000, 0x0000,
    0x30A6, 0xA000, 0x3D6A, 0x0000, 0xA000, 0xA000, 0x0000, 0x0000, 0x0000, 0x0000, 0x0000, 0x0000, 0x0000, 0x3D63, 0x30A1, 0x30AB,
    0x3D71, 0x3D78, 0xA000, 0xA000, 0x3D7F, 0x3D86, 0xA000, 0xA000, 0x3D8D, 0x3D94, 0xA000, 0xA000, 0xA000, 0xA000, 0x0000, 0x0000,
    0x3D9B, 0x3DA2, 0xA000, 0xA000, 0x3DB7, 0x3DBE, 0xA000, 0xA000, 0x3DC5, 0x3DCC, 0x0000, 0x0000, 0x0000, 0x0000, 0x0000, 0x0000,
    0x0000, 0xA000, 0xA000, 0x0000, 0x0000, 0x0000, 0x0000, 0x0000, 0x0000, 0x0000, 0x0000, 0x0000, 0x0000, 0x0000, 0x0000, 0x0000,
    0x0000, 0x0000, 0xA000, 0x0000, 0x0000, 0x0000, 0x0000, 0x0000, 0xA000, 0xA000, 0x0000, 0xA000, 0x3DE1, 0x3DE8, 0x3DEF, 0x3DF6,
    0x0000, 0x0000, 0xA000, 0xA000, 0xA000, 0xA000, 0x0000, 0x0000, 0x0000, 0x0000, 0x0000, 0x0000, 0x0000, 0x0000, 0x0000, 0x0000,
    0x0000, 0x0000, 0x0000, 0x0000, 0x0000, 0x0000, 0xA000, 0x0000, 0x0000, 0x0000, 0x0000, 0xA000, 0x4049, 0xA000, 0x4051, 0xA000,
    0x4059, 0xA000, 0x4061, 0xA000, 0x4069, 0xA000, 0x4071, 0xA000, 0x4079, 0xA000, 0x4081, 0xA000, 0x4089, 0xA000, 0x4091, 0xA000,
    0x4099, 0xA000, 0x40A1, 0x0000, 0xA000, 0x40A9, 0xA000, 0x40B1, 0xA000, 0x40B9, 0x0000, 0x0000, 0x0000, 0x0000, 0x0000, 0xA000,
    0x40C1, 0x40C9, 0xA000, 0x40D1, 0x40D9, 0xA000, 0x40E1, 0x40E9, 0xA000, 0x40F1, 0x40F9, 0xA000, 0x4101, 0x4109, 0x0000, 0x0000,
    0x0000, 0x0000, 0x0000, 0x0000, 0x0000, 0x0000, 0x0000, 0x0000, 0x0000, 0x0000, 0x0000, 0x0000, 0x0000, 0x0000, 0x0000, 0x0000,
    0x0000, 0x0000, 0x0000, 0x0000, 0x4041, 0x0000, 0x0000, 0x0000, 0x0000, 0x9904, 0x9904, 0x8100, 0x8100, 0xA000, 0x4111, 0x0000,
    0x0000, 0x0000, 0x0000, 0x0000, 0x0000, 0x0000, 0xA000, 0x0000, 0x0000, 0x0000, 0x0000, 0xA000, 0x4121, 0xA000, 0x4129, 0xA000,
    0x4131, 0xA000, 0x4139, 0xA000, 0x4141, 0xA000, 0x4149, 0xA000, 0x4151, 0xA000, 0x4159, 0xA000, 0x4161, 0xA000, 0x4169, 0xA000,
    0x4171, 0xA000, 0x4179, 0x0000, 0xA000, 0x4181, 0xA000, 0x4189, 0xA000, 0x4191, 0x0000, 0x0000, 0x0000, 0x0000, 0x0000, 0xA000,
    0x4199, 0x41A1, 0xA000, 0x41A9, 0x41B1, 0xA000, 0x41B9, 0x41C1, 0xA000, 0x41C9, 0x41D1, 0xA000, 0x41D9, 0x41E1, 0x0000, 0x0000,
    0x0000, 0x0000, 0x0000, 0x0000, 0x0000, 0x0000, 0x0000, 0x0000, 0x0000, 0x0000, 0x0000, 0x0000, 0x0000, 0x0000, 0x0000, 0xA000,
    0xA000, 0xA000, 0xA000, 0x0000, 0x4119, 0x0000, 0x0000, 0x41E9, 0x41F1, 0x41F9, 0x4201, 0x0000, 0x0000, 0xA000, 0x4209, 0x0000,
    0x1472, 0x0DF6, 0x14CE, 0x149A, 0x0F52, 0x07E6, 0x09DA, 0x1726, 0x1726, 0x0B06, 0x155A, 0x0A3E, 0x0B02, 0x0CEA, 0x10CA, 0x125A,
    0x1392, 0x13CE, 0x1402, 0x1516, 0x0E6E, 0x0EFA, 0x0FA6, 0x103E, 0x135A, 0x1542, 0x166E, 0x080A, 0x09AE, 0x0E82, 0x0FCA, 0x138E,
    0x16BE, 0x0BAE, 0x0F72, 0x137E, 0x1412, 0x0D1E, 0x12B6, 0x13DA, 0x0C1A, 0x0E0A, 0x0F12, 0x1016, 0x1522, 0x084A, 0x08E2, 0x094E,
    0x0D86, 0x0E7A, 0x0FC6, 0x10EA, 0x1272, 0x1386, 0x139E, 0x14C2, 0x15EA, 0x169E, 0x16BA, 0x1126, 0x1166, 0x121E, 0x133E, 0x1576,
    0x16C6, 0x1446, 0x0AC2, 0x0C36, 0x11D6, 0x1296, 0x0FFA, 0x112E, 0x1492, 0x15E2, 0x0ABE, 0x0B8A, 0x0E72, 0x0F26, 0x0F5A, 0x120E,
    0x1236, 0x15A2, 0x094A, 0x12A2, 0x08EE, 0x08EA, 0x1192, 0x1222, 0x1356, 0x15AA, 0x1462, 0x0D22, 0x0E6E, 0x1452, 0x07F2, 0x0B5E,
    0x0C8E, 0x102A, 0x10AA, 0x096E, 0x1136, 0x085A, 0x0C72, 0x07D2, 0x0EE6, 0x0D9E, 0x120A, 0x09C2, 0x0AAE, 0x10F6, 0x135E, 0x1436,
    0x0EB2, 0x14F2, 0x0EDE, 0x0D32, 0x1316, 0x0D52, 0x10A6, 0x0826, 0x08A2, 0x08E6, 0x0E4E, 0x11F6, 0x12EE, 0x1442, 0x1556, 0x0956,
    0x0A0A, 0x0B12, 0x0C2A, 0x0DBA, 0x0F76, 0x113A, 0x1592, 0x1676, 0x16CA, 0x16E2, 0x0932, 0x0DEE, 0x0E9E, 0x14E6, 0x0BF6, 0x0CD2,
    0x0CEE, 0x0D7E, 0x0F66, 0x0FB2, 0x1062, 0x1186, 0x122A, 0x128E, 0x14D6, 0x1366, 0x14FE, 0x157A, 0x090A, 0x0936, 0x0A1E, 0x0FA2,
    0x13EE, 0x1436, 0x0C16, 0x0C86, 0x0D4A, 0x0EAA, 0x11D2, 0x101E, 0x0836, 0x0A7A, 0x0B5E, 0x0BC2, 0x0C92, 0x103A, 0x1056, 0x1266,
    0x1286, 0x155E, 0x15DE, 0x15EE, 0x162A, 0x084E, 0x117A, 0x154A, 0x15C6, 0x0CAA, 0x0812, 0x0872, 0x0B62, 0x0B82, 0x0DAA, 0x0E6E,
    0x0FBE, 0x10C6, 0x1372, 0x1512, 0x171E, 0x0DDE, 0x159E, 0x092E, 0x0E2A, 0x0E36, 0x0F0A, 0x0F42, 0x1046, 0x10A2, 0x1122, 0x1206,
    0x1636, 0x08AA, 0x0CFE, 0x15AE, 0x0862, 0x0BA6, 0x0F2A, 0x14DA, 0x0C62, 0x0CB2, 0x0E3E, 0x102A, 0x15B6, 0x0912, 0x09FA, 0x0B92,
    0x0DCE, 0x0E1A, 0x0E5A, 0x0EEE, 0x1042, 0x10B6, 0x1252, 0x13F2, 0x13FE, 0x1552, 0x15D2, 0x097E, 0x0F46, 0x09FE, 0x0FC2, 0x1066,
    0x1382, 0x15BA, 0x16A6, 0x16CE, 0x0E32, 0x0F22, 0x12BE, 0x11B2, 0x11BE, 0x11E2, 0x1012, 0x0F9A, 0x145E, 0x082E, 0x1326, 0x0916,
    0x0906, 0x0C06, 0x0D26, 0x11EE, 0x0B4E, 0x0EFE, 0x0DEA, 0x14E2, 0x13E2, 0x15A6, 0x141E, 0x0C22, 0x0882, 0x0A56, 0x0000, 0x0000,
    0x0AAA, 0x0000, 0x0DDA, 0x0000, 0x0000, 0x08F2, 0x101A, 0x10DE, 0x1142, 0x115E, 0x1162, 0x1176, 0x15F6, 0x11E6, 0x126A, 0x0000,
    0x138A, 0x0000, 0x144E, 0x0000, 0x0000, 0x1502, 0x152E, 0x0000, 0x0000, 0x0000, 0x164A, 0x164E, 0x1652, 0x16B6, 0x1526, 0x15C2,
    0x0852, 0x0876, 0x088A, 0x0946, 0x0952, 0x0992, 0x0A46, 0x0A62, 0x0A6A, 0x0AA6, 0x0AB2, 0x0B8E, 0x0B96, 0x0C9E, 0x0CC6, 0x0CCE,
    0x0CE6, 0x0D92, 0x0DC2, 0x0DE2, 0x0E52, 0x0F16, 0x0F32, 0x0F62, 0x0FB6, 0x0FD6, 0x104A, 0x112A, 0x1146, 0x114E, 0x114A, 0x1152,
    0x1156, 0x115A, 0x116E, 0x1172, 0x1196, 0x11AA, 0x11C6, 0x122A, 0x1232, 0x123A, 0x124E, 0x1276, 0x12C6, 0x12FA, 0x12FA, 0x1362,
    0x140A, 0x1422, 0x1456, 0x145A, 0x149E, 0x14A2, 0x14FA, 0x1502, 0x15D6, 0x161A, 0x1632, 0x0C96, 0x184B, 0x12DE, 0x0000, 0x0000,
    0x07DA, 0x08DE, 0x089E, 0x0846, 0x0886, 0x08B2, 0x0942, 0x095E, 0x0A46, 0x0A32, 0x0A42, 0x0A5E, 0x0AAA, 0x0ABA, 0x0AFE, 0x0B0A,
    0x0B26, 0x0B36, 0x0C1E, 0x0C26, 0x0C56, 0x0C76, 0x0CA6, 0x0CBE, 0x0CAE, 0x0CCE, 0x0CC2, 0x0CE6, 0x0D02, 0x0D5A, 0x0D66, 0x0D6E,
    0x0D96, 0x0DDA, 0x0E0A, 0x0E0E, 0x0E22, 0x0EA2, 0x0EB2, 0x0F0A, 0x0F56, 0x0F4E, 0x0F62, 0x0F7E, 0x0FB6, 0x110E, 0x0FDA, 0x100E,
    0x101A, 0x105A, 0x1076, 0x109A, 0x10BE, 0x10C2, 0x10DE, 0x10E2, 0x10F2, 0x1106, 0x1102, 0x1132, 0x11AE, 0x11C6, 0x11DE, 0x1216,
    0x122A, 0x1246, 0x1276, 0x132A, 0x1352, 0x13C6, 0x140E, 0x141A, 0x1422, 0x143A, 0x144E, 0x143E, 0x1456, 0x1452, 0x144A, 0x145A,
    0x1466, 0x14A2, 0x14DE, 0x150E, 0x1546, 0x1566, 0x15B2, 0x15D6, 0x15F6, 0x160A, 0x161A, 0x1626, 0x1632, 0x1686, 0x1726, 0x17E2,
    0x17DD, 0x180F, 0x0702, 0x072A, 0x072E, 0x1891, 0x18BE, 0x1936, 0x1712, 0x1722, 0x0000, 0x0000, 0x0000, 0x0000, 0x0000, 0x0000,
    0x0000, 0x0000, 0x0000, 0x0000, 0x0000, 0x0000, 0x0000, 0x0000, 0x0000, 0x0000, 0x0000, 0x0000, 0x0000, 0x0000, 0x0000, 0x0000,
    0x0000, 0x0000, 0x0000, 0x0000, 0x0000, 0x0000, 0x0000, 0x0000, 0x0000, 0x0000, 0x0000, 0x0000, 0x0000, 0x0000, 0x0000, 0x0000,
    0x07F6, 0x07EE, 0x07FE, 0x1774, 0x0842, 0x0852, 0x0856, 0x085E, 0x0866, 0x086A, 0x0876, 0x086E, 0x06AE, 0x1788, 0x088A, 0x088E,
    0x0892, 0x08AE, 0x1779, 0x06B2, 0x089A, 0x08BA, 0x1783, 0x08CA, 0x08D2, 0x0832, 0x08DA, 0x08DE, 0x195E, 0x08FA, 0x0902, 0x06BA,
    0x091A, 0x091E, 0x0926, 0x092A, 0x06BE, 0x0942, 0x0946, 0x0952, 0x095E, 0x0962, 0x0966, 0x096E, 0x098E, 0x0992, 0x099A, 0x09AA,
    0x09B2, 0x09B6, 0x09B6, 0x09B6, 0x1797, 0x0F8E, 0x09CA, 0x09D2, 0x179C, 0x09DE, 0x09E6, 0x09EE, 0x0A16, 0x0A02, 0x0A0E, 0x0A12,
    0x0A1A, 0x0A22, 0x0A26, 0x0A2E, 0x0A36, 0x0A3A, 0x0A3A, 0x0A42, 0x0A4A, 0x0A4E, 0x0A5A, 0x0A7E, 0x0A62, 0x0A82, 0x0A66, 0x0A6E,
    0x0906, 0x0ACA, 0x0A92, 0x0A96, 0x0A9A, 0x0A8E, 0x0AA2, 0x0A9E, 0x0AB6, 0x17A1, 0x0AD2, 0x0AD6, 0x0ADE, 0x0AEA, 0x0AF2, 0x0B0E,
    0x17A6, 0x17AB, 0x0B1A, 0x0B1E, 0x0B22, 0x0B16, 0x0B2A, 0x06C2, 0x06C6, 0x0B32, 0x0B3A, 0x0B3A, 0x17B0, 0x0B56, 0x0B5A, 0x0B5E,
    0x0B66, 0x17B5, 0x0B6E, 0x0B72, 0x0C4A, 0x0B7A, 0x06CA, 0x0B86, 0x0B96, 0x0BA2, 0x0B9E, 0x17BF, 0x0BAA, 0x17C4, 0x0BB6, 0x0BB2,
    0x0BBA, 0x0BCA, 0x0BCE, 0x06CE, 0x0BDE, 0x0BE6, 0x0BEA, 0x0BEE, 0x06D2, 0x17C9, 0x06D6, 0x0C0A, 0x0C0E, 0x0C12, 0x0C1A, 0x1990,
    0x0C32, 0x17D3, 0x17D3, 0x12D2, 0x0C42, 0x0C42, 0x06DA, 0x17F6, 0x18C8, 0x0C52, 0x0C5A, 0x06DE, 0x0C6E, 0x0C7E, 0x0C82, 0x0C8A,
    0x0C9A, 0x06E6, 0x06E2, 0x0C9E, 0x17D8, 0x0CA2, 0x0CB6, 0x0CBA, 0x0CBE, 0x0CBA, 0x0CCA, 0x0CCE, 0x0CDE, 0x0CD6, 0x0CDA, 0x0CE2,
    0x0CE6, 0x0CEA, 0x0CF6, 0x0CFA, 0x0D12, 0x0D1A, 0x0D2A, 0x0D3E, 0x17E7, 0x0D3A, 0x0D2E, 0x0D46, 0x0D4E, 0x0D62, 0x17EC, 0x0D6A,
    0x0D5E, 0x0D56, 0x06EA, 0x0D72, 0x0D7A, 0x0D82, 0x0D76, 0x06EE, 0x0D92, 0x0D9A, 0x17F1, 0x0DC6, 0x0DFA, 0x0DD6, 0x06FA, 0x0DE2,
    0x06F6, 0x06F2, 0x08BE, 0x08C2, 0x0DFE, 0x0DE6, 0x12A6, 0x075E, 0x0E0A, 0x0E0E, 0x0E12, 0x0E26, 0x0E1E, 0x180A, 0x06FE, 0x0E3A,
    0x0E2E, 0x0E4A, 0x0E52, 0x1814, 0x0E56, 0x0E42, 0x0E5E, 0x0702, 0x0E62, 0x0E66, 0x0E6A, 0x0E76, 0x1819, 0x0E7E, 0x0706, 0x0E8A,
    0x181E, 0x0E8E, 0x070A, 0x0E9A, 0x0EA6, 0x0EB2, 0x0EB6, 0x1823, 0x17BA, 0x1828, 0x0ED6, 0x182D, 0x0EE2, 0x0EEA, 0x0EDA, 0x0EF6,
    0x0F06, 0x0F16, 0x0F0A, 0x0F0E, 0x0F1A, 0x0F1E, 0x1832, 0x0F02, 0x0F36, 0x0F3A, 0x070E, 0x0F4E, 0x0F4A, 0x1837, 0x0F2E, 0x0F6A,
    0x183C, 0x1841, 0x0F6E, 0x0F82, 0x0F7E, 0x0F7A, 0x0712, 0x0F86, 0x0F96, 0x0F92, 0x0F9E, 0x177E, 0x0FAE, 0x1846, 0x0FBA, 0x1850,
    0x0FCE, 0x0FDA, 0x0FEE, 0x1855, 0x1002, 0x1006, 0x185A, 0x185F, 0x1022, 0x1032, 0x0716, 0x1036, 0x071A, 0x071A, 0x104E, 0x1052,
    0x105A, 0x105E, 0x106A, 0x071E, 0x1082, 0x1864, 0x109E, 0x1869, 0x10AA, 0x17CE, 0x10BA, 0x186E, 0x1873, 0x1878, 0x0722, 0x0726,
    0x10F2, 0x1882, 0x187D, 0x1887, 0x188C, 0x10FA, 0x10FE, 0x10FE, 0x1106, 0x072E, 0x110A, 0x0732, 0x0736, 0x1896, 0x111E, 0x1126,
    0x1132, 0x073A, 0x189B, 0x1156, 0x18A0, 0x18A5, 0x1176, 0x118E, 0x073E, 0x1196, 0x119A, 0x119E, 0x18AA, 0x18AF, 0x18AF, 0x11B6,
    0x0742, 0x18B4, 0x11CA, 0x11CE, 0x0746, 0x18B9, 0x11EA, 0x074A, 0x11FA, 0x11F2, 0x1202, 0x18C3, 0x121A, 0x074E, 0x1226, 0x122E,
    0x123E, 0x0752, 0x18CD, 0x18D2, 0x0756, 0x18D7, 0x1256, 0x18DC, 0x1262, 0x126E, 0x1276, 0x18E1, 0x18E6, 0x128A, 0x18EB, 0x1292,
    0x17FB, 0x075A, 0x12AA, 0x12AE, 0x0762, 0x12B2, 0x0B2E, 0x18F0, 0x18F5, 0x1800, 0x1805, 0x12D2, 0x12D6, 0x14EE, 0x0766, 0x1302,
    0x12FE, 0x1306, 0x093A, 0x130A, 0x130E, 0x1312, 0x131A, 0x18FA, 0x1316, 0x131E, 0x1332, 0x1336, 0x1322, 0x133A, 0x134E, 0x1362,
    0x132E, 0x1342, 0x1346, 0x134A, 0x18FF, 0x1909, 0x1904, 0x076A, 0x136A, 0x136E, 0x1376, 0x191D, 0x137A, 0x190E, 0x076E, 0x0772,
    0x1913, 0x1918, 0x0776, 0x139A, 0x139E, 0x13A2, 0x13A6, 0x13B2, 0x13AE, 0x13BA, 0x13B6, 0x13C6, 0x13BE, 0x13C2, 0x13CA, 0x077A,
    0x13D2, 0x13D6, 0x077E, 0x13E6, 0x13EA, 0x1922, 0x13F6, 0x13FA, 0x0782, 0x1406, 0x06B6, 0x1927, 0x192C, 0x0786, 0x078A, 0x1432,
    0x144A, 0x1466, 0x1476, 0x1931, 0x148A, 0x148E, 0x14A6, 0x14B2, 0x193B, 0x178D, 0x14BE, 0x14BA, 0x14C6, 0x1792, 0x14D2, 0x14DE,
    0x1940, 0x1945, 0x151E, 0x152A, 0x1532, 0x194A, 0x1536, 0x1562, 0x156E, 0x1572, 0x156A, 0x157E, 0x1582, 0x194F, 0x158E, 0x078E,
    0x1596, 0x1954, 0x0792, 0x15CE, 0x0BBE, 0x15E6, 0x1959, 0x1963, 0x0796, 0x079A, 0x160E, 0x1968, 0x079E, 0x196D, 0x1626, 0x1626,
    0x162E, 0x1972, 0x1646, 0x07A2, 0x1656, 0x1662, 0x166A, 0x1672, 0x07A6, 0x1977, 0x1686, 0x16A2, 0x16AE, 0x07AA, 0x07AE, 0x16B2,
    0x197C, 0x07B2, 0x1981, 0x1986, 0x198B, 0x16D6, 0x07B6, 0x16EA, 0x16F2, 0x16F6, 0x16FE, 0x1706, 0x170E, 0x1995, 0x0000, 0x0000,
    0x0000, 0x0000, 0x0000, 0x0000, 0x0000, 0x0000, 0x0000, 0x0000, 0x0000, 0x0000, 0x0000, 0x0000, 0x0000, 0x0000, 0x0000, 0x0000,
    0x0000, 0x0000, 0x0000, 0x0000, 0x0000, 0x0000, 0x0000, 0x0000, 0x0000, 0x0000, 0x0000, 0x0000, 0x0000, 0x0000, 0x0000, 0x0000,
];

pub(super) static NFC_INDEX: [u8; 1408] = [
    0x00, 0x00, 0x00, 0x00, 0x00, 0x00, 0x00, 0x00, 0x00, 0x00, 0x00, 0x00, 0x00, 0x00, 0x00, 0x00,
    0x00, 0x00, 0x00, 0x00, 0x00, 0x00, 0x00, 0x00, 0x00, 0x00, 0x00, 0x00, 0x00, 0x00, 0x00, 0x00,
    0x00, 0x00, 0x00, 0x00, 0x00, 0x00, 0x00, 0x00, 0x00, 0x00, 0x00, 0x00, 0x00, 0x00, 0x00, 0x00,
    0x00, 0x00, 0x00, 0x00, 0x00, 0x00, 0x00, 0x00, 0x00, 0x00, 0x00, 0x00, 0x00, 0x00, 0x00, 0x00,
    0x00, 0x00, 0x00, 0x00, 0x00, 0x00, 0x00, 0x00, 0x00, 0x00, 0x00, 0x00, 0x00, 0x00, 0x00, 0x00,
    0x00, 0x00, 0x00, 0x00, 0x00, 0x00, 0x00, 0x00, 0x00, 0x00, 0x00, 0x00, 0x00, 0x00, 0x00, 0x00,
    0x00, 0x00, 0x00, 0x00, 0x00, 0x00, 0x00, 0x00, 0x00, 0x00, 0x00, 0x00, 0x00, 0x00, 0x00, 0x00,
    0x00, 0x00, 0x00, 0x00, 0x00, 0x00, 0x00, 0x00, 0x00, 0x00, 0x00, 0x00, 0x00, 0x00, 0x00, 0x00,
    0x00, 0x00, 0x00, 0x00, 0x00, 0x00, 0x00, 0x00, 0x00, 0x00, 0x00, 0x00, 0x00, 0x00, 0x00, 0x00,
    0x00, 0x00, 0x00, 0x00, 0x00, 0x00, 0x00, 0x00, 0x00, 0x00, 0x00, 0x00, 0x00, 0x00, 0x00, 0x00,
    0x00, 0x00, 0x00, 0x00, 0x00, 0x00, 0x00, 0x00, 0x00, 0x00, 0x00, 0x00, 0x00, 0x00, 0x00, 0x00,
    0x00, 0x00, 0x00, 0x00, 0x00, 0x00, 0x00, 0x00, 0x00, 0x00, 0x00, 0x00, 0x00, 0x00, 0x00, 0x00,
    0x00, 0x00, 0x2E, 0x01, 0x02, 0x03, 0x2F, 0x04, 0x05, 0x00, 0x30, 0x31, 0x06, 0x07, 0x08, 0x32,
    0x09, 0x33, 0x34, 0x0A, 0x00, 0x00, 0x0B, 0x35, 0x36, 0x0C, 0x00, 0x37, 0x38, 0x39, 0x00, 0x3A,
    0x02, 0x03, 0x04, 0x05, 0x00, 0x00, 0x00, 0x00, 0x00, 0x00, 0x06, 0x07, 0x08, 0x09, 0x00, 0x0A,
    0x13, 0x00, 0x00, 0x00, 0x00, 0x00, 0x00, 0x00, 0x00, 0x00, 0x00, 0x00, 0x00, 0x00, 0x00, 0x00,
    0x00, 0x00, 0x00, 0x00, 0x00, 0x00, 0x00, 0x00, 0x00, 0x00, 0x00, 0x00, 0x00, 0x00, 0x00, 0x00,
    0x00, 0x00, 0x00, 0x00, 0x00, 0x00, 0x00, 0x00, 0x00, 0x00, 0x00, 0x00, 0x00, 0x00, 0x00, 0x00,
    0x3B, 0x3C, 0x3D, 0x0D, 0x3E, 0x3F, 0x40, 0x41, 0x42, 0x43, 0x44, 0x45, 0x40, 0x46, 0x47, 0x48,
    0x44, 0x49, 0x4A, 0x4B, 0x4C, 0x4D, 0x00, 0x4E, 0x4F, 0x50, 0x51, 0x52, 0x53, 0x54, 0x55, 0x56,
    0x57, 0x00, 0x58, 0x00, 0x59, 0x5A, 0x5B, 0x5C, 0x00, 0x00, 0x00, 0x00, 0x00, 0x5D, 0x00, 0x00,
    0x00, 0x00, 0x00, 0x00, 0x00, 0x00, 0x00, 0x00, 0x00, 0x00, 0x00, 0x00, 0x5E, 0x00, 0x00, 0x5F,
    0x00, 0x00, 0x60, 0x00, 0x61, 0x00, 0x00, 0x00, 0x62, 0x63, 0x64, 0x65, 0x0E, 0x66, 0x67, 0x68,
    0x69, 0x00, 0x00, 0x6A, 0x00, 0x00, 0x00, 0x0F, 0x10, 0x11, 0x12, 0x13, 0x14, 0x15, 0x16, 0x17,
    0x6B, 0x00, 0x00, 0x6C, 0x6D, 0x00, 0x6E, 0x6F, 0x70, 0x18, 0x19, 0x71, 0x72, 0x00, 0x00, 0x00,
    0x00, 0x00, 0x00, 0x00, 0x00, 0x00, 0x00, 0x00, 0x00, 0x00, 0x00, 0x00, 0x00, 0x00, 0x00, 0x00,
    0x00, 0x00, 0x00, 0x00, 0x00, 0x00, 0x00, 0x00, 0x00, 0x00, 0x00, 0x73, 0x00, 0x00, 0x00, 0x00,
    0x00, 0x00, 0x00, 0x74, 0x00, 0x75, 0x00, 0x76, 0x00, 0x00, 0x00, 0x00, 0x00, 0x00, 0x00, 0x00,
    0x77, 0x1A, 0x1B, 0x1C, 0x78, 0x79, 0x00, 0x00, 0x00, 0x7A, 0x00, 0x00, 0x7B, 0x7C, 0x00, 0x00,
    0x00, 0x00, 0x00, 0x00, 0x00, 0x00, 0x00, 0x00, 0x00, 0x00, 0x00, 0x00, 0x00, 0x00, 0x00, 0x00,
    0x00, 0x00, 0x00, 0x00, 0x00, 0x00, 0x00, 0x00, 0x00, 0x00, 0x00, 0x00, 0x00, 0x00, 0x00, 0x00,
    0x00, 0x00, 0x00, 0x00, 0x00, 0x00, 0x00, 0x00, 0x00, 0x00, 0x00, 0x00, 0x00, 0x00, 0x00, 0x00,
    0x00, 0x00, 0x00, 0x00, 0x00, 0x00, 0x00, 0x00, 0x00, 0x00, 0x00, 0x00, 0x00, 0x00, 0x00, 0x00,
    0x00, 0x00, 0x00, 0x00, 0x00, 0x00, 0x00, 0x00, 0x00, 0x7D, 0x7E, 0x7F, 0x00, 0x00, 0x00, 0x00,
    0x80, 0x00, 0x00, 0x81, 0x82, 0x83, 0x84, 0x85, 0x00, 0x00, 0x86, 0x87, 0x00, 0x00, 0x00, 0x88,
    0x89, 0x8A, 0x8B, 0x8C, 0x8D, 0x8E, 0x8F, 0x89, 0x8A, 0x8B, 0x8C, 0x8D, 0x8E, 0x8F, 0x89, 0x8A,
    0x8B, 0x8C, 0x8D, 0x8E, 0x8F, 0x89, 0x8A, 0x8B, 0x8C, 0x8D, 0x8E, 0x8F, 0x89, 0x8A, 0x8B, 0x8C,
    0x8D, 0x8E, 0x8F, 0x89, 0x8A, 0x8B, 0x8C, 0x8D, 0x8E, 0x8F, 0x89, 0x8A, 0x8B, 0x8C, 0x8D, 0x8E,
    0x8F, 0x89, 0x8A, 0x8B, 0x8C, 0x8D, 0x8E, 0x8F, 0x89, 0x8A, 0x8B, 0x8C, 0x8D, 0x8E, 0x8F, 0x89,
    0x8A, 0x8B, 0x8C, 0x8D, 0x8E, 0x8F, 0x89, 0x8A, 0x8B, 0x8C, 0x8D, 0x8E, 0x8F, 0x89, 0x8A, 0x8B,
    0x8C, 0x8D, 0x8E, 0x8F, 0x89, 0x8A, 0x8B, 0x8C, 0x8D, 0x8E, 0x8F, 0x89, 0x8A, 0x8B, 0x8C, 0x8D,
    0x8E, 0x8F, 0x89, 0x8A, 0x8B, 0x8C, 0x8D, 0x8E, 0x8F, 0x89, 0x8A, 0x8B, 0x8C, 0x8D, 0x8E, 0x8F,
    0x89, 0x8A, 0x8B, 0x8C, 0x8D, 0x8E, 0x8F, 0x89, 0x8A, 0x8B, 0x8C, 0x8D, 0x8E, 0x8F, 0x89, 0x8A,
    0x8B, 0x8C, 0x8D, 0x8E, 0x8F, 0x89, 0x8A, 0x8B, 0x8C, 0x8D, 0x8E, 0x8F, 0x89, 0x8A, 0x8B, 0x8C,
    0x8D, 0x8E, 0x8F, 0x89, 0x8A, 0x8B, 0x8C, 0x8D, 0x8E, 0x8F, 0x89, 0x8A, 0x8B, 0x8C, 0x8D, 0x8E,
    0x8F, 0x89, 0x8A, 0x8B, 0x8C, 0x8D, 0x8E, 0x8F, 0x89, 0x8A, 0x8B, 0x8C, 0x8D, 0x8E, 0x90, 0x00,
    0x00, 0x00, 0x00, 0x00, 0x00, 0x00, 0x00, 0x00, 0x00, 0x00, 0x00, 0x00, 0x00, 0x00, 0x00, 0x00,
    0x00, 0x00, 0x00, 0x00, 0x00, 0x00, 0x00, 0x00, 0x00, 0x00, 0x00, 0x00, 0x00, 0x00, 0x00, 0x00,
    0x00, 0x00, 0x00, 0x00, 0x00, 0x00, 0x00, 0x00, 0x00, 0x00, 0x00, 0x00, 0x00, 0x00, 0x00, 0x00,
    0x00, 0x00, 0x00, 0x00, 0x00, 0x00, 0x00, 0x00, 0x00, 0x00, 0x00, 0x00, 0x00, 0x00, 0x00, 0x00,
    0x00, 0x00, 0x00, 0x00, 0x1D, 0x1E, 0x1F, 0x20, 0x21, 0x22, 0x23, 0x24, 0x91, 0x92, 0x93, 0x00,
    0x00, 0x94, 0x95, 0x96, 0x97, 0x00, 0x00, 0x00, 0x98, 0x99, 0x9A, 0x9B, 0x00, 0x00, 0x9C, 0x9D,
    0x00, 0x00, 0x00, 0x00, 0x00, 0x00, 0x00, 0x9E, 0x00, 0x00, 0x00, 0x9F, 0x00, 0xA0, 0x00, 0x00,
    0x00, 0x00, 0x00, 0x00, 0x00, 0x00, 0x00, 0x00, 0x00, 0x00, 0x00, 0x00, 0x00, 0x00, 0x00, 0x00,
    0x00, 0x00, 0x00, 0x00, 0x00, 0x00, 0x00, 0x00, 0xA1, 0x00, 0x00, 0xA2, 0x00, 0x00, 0x00, 0x00,
    0x00, 0x00, 0x00, 0x00, 0xA3, 0x00, 0x00, 0x00, 0x00, 0x00, 0xA4, 0xA5, 0x00, 0xA6, 0xA7, 0x00,
    0x00, 0xA8, 0xA9, 0x00, 0xAA, 0x84, 0x00, 0xAB, 0xAC, 0x00, 0x00, 0xAD, 0xAE, 0xAF, 0x00, 0x00,
    0x00, 0xB0, 0xB1, 0xB2, 0x00, 0x00, 0xB3, 0xB4, 0x75, 0x00, 0xB5, 0x00, 0xB6, 0x00, 0x00, 0x00,
    0xB7, 0x00, 0x00, 0x00, 0xB8, 0xB9, 0x00, 0xBA, 0xBB, 0xBC, 0xBD, 0x00, 0x00, 0x00, 0x00, 0x00,
    0x75, 0x00, 0x00, 0x00, 0x00, 0xBE, 0xBF, 0x00, 0x00, 0x00, 0x00, 0x00, 0x00, 0xC0, 0x00, 0x00,
    0x00, 0x00, 0x00, 0x00, 0x00, 0x00, 0x00, 0x00, 0x00, 0x00, 0x00, 0x00, 0x00, 0x00, 0x00, 0x00,
    0x00, 0x00, 0x00, 0x00, 0x00, 0x00, 0x00, 0x00, 0x00, 0x00, 0x00, 0x00, 0x00, 0x00, 0x00, 0x00,
    0x00, 0x00, 0x00, 0x00, 0x00, 0x00, 0x00, 0x00, 0x00, 0x00, 0x00, 0xC1, 0xC2, 0x00, 0x00, 0x00,
    0x00, 0x00, 0x00, 0x00, 0x00, 0x00, 0x00, 0x00, 0x00, 0x00, 0x00, 0x00, 0x00, 0x00, 0x00, 0xC3,
    0x00, 0x00, 0x00, 0x00, 0x00, 0x00, 0x00, 0x00, 0x00, 0x00, 0x00, 0x00, 0x00, 0x00, 0x00, 0x00,
    0x00, 0x00, 0x00, 0x00, 0x00, 0x00, 0x00, 0x00, 0x00, 0x00, 0x00, 0x00, 0x00, 0x00, 0x00, 0x00,
    0x00, 0x00, 0x00, 0x00, 0x00, 0x00, 0x00, 0x00, 0x00, 0x00, 0x00, 0x00, 0x00, 0x00, 0x00, 0x00,
    0x00, 0x00, 0xC4, 0x00, 0x00, 0x00, 0x00, 0x00, 0x00, 0x00, 0x00, 0x00, 0x00, 0x00, 0x00, 0x00,
    0x00, 0x00, 0x00, 0x00, 0x00, 0xC5, 0xC6, 0xC7, 0x00, 0xC8, 0x00, 0x00, 0x00, 0x00, 0x00, 0x00,
    0x00, 0x00, 0x00, 0x00, 0x00, 0x00, 0x00, 0x00, 0x00, 0x00, 0x00, 0x00, 0x00, 0x00, 0x00, 0x00,
    0x00, 0x00, 0x00, 0x00, 0x00, 0x00, 0x00, 0x00, 0x00, 0x00, 0x00, 0x00, 0x00, 0x00, 0x00, 0x00,
    0x00, 0x00, 0x00, 0x00, 0x00, 0x00, 0x00, 0x00, 0x00, 0x00, 0x00, 0x00, 0x00, 0x00, 0x00, 0x00,
    0xC9, 0x00, 0xCA, 0x00, 0xC2, 0x00, 0x00, 0x00, 0x00, 0x00, 0xCB, 0xCC, 0x00, 0x00, 0x00, 0x00,
    0x00, 0x00, 0x00, 0xCD, 0x00, 0x00, 0x00, 0x00, 0x00, 0x00, 0x00, 0x00, 0x00, 0x00, 0x00, 0x00,
    0x00, 0x00, 0x00, 0xCE, 0x00, 0xCF, 0x00, 0x00, 0x00, 0x00, 0x00, 0x00, 0x00, 0x00, 0x00, 0x00,
    0x00, 0x00, 0x00, 0x00, 0x00, 0x00, 0x00, 0x00, 0x00, 0x00, 0x00, 0x00, 0x00, 0x00, 0x00, 0x00,
    0x00, 0x00, 0x00, 0x00, 0x00, 0x00, 0x00, 0x00, 0xD0, 0x00, 0x00, 0x00, 0x00, 0x00, 0x00, 0x00,
    0x00, 0x00, 0x00, 0x00, 0x00, 0x00, 0x00, 0x00, 0x00, 0x00, 0x00, 0x00, 0x00, 0x00, 0x00, 0x00,
    0x00, 0x00, 0x00, 0x00, 0x00, 0x00, 0x00, 0x00, 0x00, 0x00, 0x00, 0x00, 0x00, 0x00, 0x00, 0x00,
    0x00, 0x00, 0x00, 0x00, 0x00, 0x00, 0x00, 0x00, 0x00, 0x00, 0x00, 0x00, 0x00, 0x00, 0x00, 0x00,
    0x00, 0x00, 0x00, 0x00, 0x00, 0x00, 0x00, 0x00, 0x00, 0x00, 0x00, 0x00, 0x00, 0x00, 0x00, 0x00,
    0x00, 0x00, 0x00, 0x00, 0x00, 0x00, 0x00, 0x00, 0x00, 0x00, 0x00, 0x00, 0x00, 0x00, 0x00, 0x00,
    0x25, 0x26, 0x27, 0x28, 0x29, 0x2A, 0x2B, 0x2C, 0x2D, 0x00, 0x00, 0x00, 0x00, 0x00, 0x00, 0x00,
    0x00, 0x00, 0x00, 0x00, 0x00, 0x00, 0x00, 0x00, 0x00, 0x00, 0x00, 0x00, 0x00, 0x00, 0x00, 0x00,
    0x00, 0x00, 0x00, 0x00, 0x00, 0x00, 0x00, 0x00, 0x00, 0x00, 0x00, 0x00, 0x00, 0x00, 0x00, 0x00,
    0x0B, 0x0C, 0x00, 0x00, 0x00, 0x00, 0x0D, 0x00, 0x00, 0x00, 0x00, 0x0E, 0x00, 0x0F, 0x10, 0x11,
    0x00, 0x00, 0x00, 0x00, 0x00, 0x00, 0x00, 0x00, 0x00, 0x00, 0x00, 0x00, 0x00, 0x00, 0x00, 0x12,
    0x00, 0x00, 0x00, 0x00, 0x00, 0x00, 0x00, 0x00, 0x00, 0x00, 0x00, 0x00, 0x00, 0x00, 0x00, 0x00,
];

pub(super) static NFC_SPARSE_OFFSET: [u16; 163] = [
    0x0, 0x5, 0x9, 0xB, 0xD, 0x18, 0x28, 0x2A, 0x2F, 0x3A, 0x49, 0x56, 0x5E, 0x63, 0x68, 0x6A,
    0x6E, 0x76, 0x7D, 0x80, 0x88, 0x8C, 0x90, 0x92, 0x94, 0x9D, 0xA1, 0xA8, 0xAD, 0xB0, 0xBA, 0xBD,
    0xC4, 0xCC, 0xCF, 0xD1, 0xD4, 0xD6, 0xDB, 0xEC, 0xF8, 0xFA, 0x100, 0x102, 0x104, 0x106, 0x108, 0x10A,
    0x10C, 0x10F, 0x112, 0x114, 0x117, 0x11A, 0x11E, 0x124, 0x12B, 0x134, 0x136, 0x139, 0x13B, 0x146, 0x14A, 0x158,
    0x15B, 0x161, 0x167, 0x172, 0x176, 0x178, 0x17A, 0x17C, 0x17E, 0x180, 0x186, 0x18A, 0x18C, 0x18E, 0x196, 0x19A,
    0x19D, 0x19F, 0x1A1, 0x1A4, 0x1A7, 0x1A9, 0x1AB, 0x1AD, 0x1AF, 0x1B5, 0x1B8, 0x1BA, 0x1C1, 0x1C7, 0x1CD, 0x1D5,
    0x1DB, 0x1E1, 0x1E7, 0x1EB, 0x1F9, 0x202, 0x205, 0x208, 0x20A, 0x20D, 0x20F, 0x213, 0x218, 0x21A, 0x21C, 0x221,
    0x227, 0x229, 0x22B, 0x22D, 0x233, 0x236, 0x238, 0x23A, 0x23C, 0x242, 0x246, 0x24A, 0x252, 0x259, 0x25C, 0x25F,
    0x261, 0x264, 0x26C, 0x270, 0x277, 0x27A, 0x280, 0x282, 0x285, 0x287, 0x28A, 0x28F, 0x291, 0x293, 0x295, 0x297,
    0x299, 0x29C, 0x29E, 0x2A0, 0x2A2, 0x2A4, 0x2A6, 0x2A8, 0x2B5, 0x2BF, 0x2C1, 0x2C3, 0x2C9, 0x2CB, 0x2CD, 0x2CF,
    0x2D3, 0x2D5, 0x2D8,
];

/// `nfcSparseValues`: (value, lo, hi).
pub(super) static NFC_SPARSE_VALUES: [(u16, u8, u8); 730] = [
    (0x0000, 0x04, 0x00),
    (0xA100, 0xA8, 0xA8),
    (0x8100, 0xAF, 0xAF),
    (0x8100, 0xB4, 0xB4),
    (0x8100, 0xB8, 0xB8),
    (0x0091, 0x03, 0x00),
    (0x4823, 0xA0, 0xA1),
    (0x4855, 0xAF, 0xB0),
    (0xA000, 0xB7, 0xB7),
    (0x0000, 0x01, 0x00),
    (0xA000, 0x92, 0x92),
    (0x0000, 0x01, 0x00),
    (0x8100, 0x98, 0x9D),
    (0x0006, 0x0A, 0x00),
    (0xA000, 0x81, 0x81),
    (0xA000, 0x85, 0x85),
    (0xA000, 0x89, 0x89),
    (0x4981, 0x8A, 0x8A),
    (0x499F, 0x8B, 0x8B),
    (0x3808, 0x8C, 0x8C),
    (0x3820, 0x8D, 0x8D),
    (0x49B7, 0x8E, 0x8E),
    (0xA000, 0x92, 0x92),
    (0x383E, 0x93, 0x94),
    (0x0000, 0x0F, 0x00),
    (0xA000, 0x83, 0x83),
    (0xA000, 0x87, 0x87),
    (0xA000, 0x8B, 0x8B),
    (0xA000, 0x8D, 0x8D),
    (0x38E6, 0x90, 0x90),
    (0x38F2, 0x91, 0x91),
    (0x38E0, 0x93, 0x93),
    (0xA000, 0x96, 0x96),
    (0x3958, 0x97, 0x97),
    (0x3922, 0x9C, 0x9C),
    (0x390A, 0x9D, 0x9D),
    (0x3934, 0x9E, 0x9E),
    (0xA000, 0xB4, 0xB5),
    (0x395E, 0xB6, 0xB6),
    (0x3964, 0xB7, 0xB7),
    (0x0000, 0x01, 0x00),
    (0x8133, 0x83, 0x87),
    (0x0001, 0x04, 0x00),
    (0x8114, 0x81, 0x82),
    (0x8133, 0x84, 0x84),
    (0x812E, 0x85, 0x85),
    (0x810E, 0x87, 0x87),
    (0x0000, 0x0A, 0x00),
    (0x8133, 0x90, 0x97),
    (0x811A, 0x98, 0x98),
    (0x811B, 0x99, 0x99),
    (0x811C, 0x9A, 0x9A),
    (0x3982, 0xA2, 0xA2),
    (0x3988, 0xA3, 0xA3),
    (0x3994, 0xA4, 0xA4),
    (0x398E, 0xA5, 0xA5),
    (0x399A, 0xA6, 0xA6),
    (0xA000, 0xA7, 0xA7),
    (0x0000, 0x0E, 0x00),
    (0x39AC, 0x80, 0x80),
    (0xA000, 0x81, 0x81),
    (0x39A0, 0x82, 0x82),
    (0xA000, 0x92, 0x92),
    (0x39A6, 0x93, 0x93),
    (0xA000, 0x95, 0x95),
    (0x8133, 0x96, 0x9C),
    (0x8133, 0x9F, 0xA2),
    (0x812E, 0xA3, 0xA3),
    (0x8133, 0xA4, 0xA4),
    (0x8133, 0xA7, 0xA8),
    (0x812E, 0xAA, 0xAA),
    (0x8133, 0xAB, 0xAC),
    (0x812E, 0xAD, 0xAD),
    (0x0000, 0x0C, 0x00),
    (0x8120, 0x91, 0x91),
    (0x8133, 0xB0, 0xB0),
    (0x812E, 0xB1, 0xB1),
    (0x8133, 0xB2, 0xB3),
    (0x812E, 0xB4, 0xB4),
    (0x8133, 0xB5, 0xB6),
    (0x812E, 0xB7, 0xB9),
    (0x8133, 0xBA, 0xBA),
    (0x812E, 0xBB, 0xBC),
    (0x8133, 0xBD, 0xBD),
    (0x812E, 0xBE, 0xBE),
    (0x8133, 0xBF, 0xBF),
    (0x0005, 0x07, 0x00),
    (0x8133, 0x80, 0x80),
    (0x8133, 0x81, 0x81),
    (0x812E, 0x82, 0x83),
    (0x812E, 0x84, 0x85),
    (0x812E, 0x86, 0x87),
    (0x812E, 0x88, 0x89),
    (0x8133, 0x8A, 0x8A),
    (0x0000, 0x04, 0x00),
    (0x8133, 0xAB, 0xB1),
    (0x812E, 0xB2, 0xB2),
    (0x8133, 0xB3, 0xB3),
    (0x812E, 0xBD, 0xBD),
    (0x0000, 0x04, 0x00),
    (0x8133, 0x96, 0x99),
    (0x8133, 0x9B, 0xA3),
    (0x8133, 0xA5, 0xA7),
    (0x8133, 0xA9, 0xAD),
    (0x0000, 0x01, 0x00),
    (0x812E, 0x99, 0x9B),
    (0x0000, 0x03, 0x00),
    (0x8133, 0x98, 0x98),
    (0x812E, 0x99, 0x9B),
    (0x8133, 0x9C, 0x9F),
    (0x0000, 0x07, 0x00),
    (0xA000, 0xA8, 0xA8),
    (0x4019, 0xA9, 0xA9),
    (0xA000, 0xB0, 0xB0),
    (0x4021, 0xB1, 0xB1),
    (0xA000, 0xB3, 0xB3),
    (0x4029, 0xB4, 0xB4),
    (0x9903, 0xBC, 0xBC),
    (0x0008, 0x06, 0x00),
    (0x8105, 0x8D, 0x8D),
    (0x8133, 0x91, 0x91),
    (0x812E, 0x92, 0x92),
    (0x8133, 0x93, 0x93),
    (0x8133, 0x94, 0x94),
    (0x465D, 0x98, 0x9F),
    (0x0000, 0x02, 0x00),
    (0x8103, 0xBC, 0xBC),
    (0x9900, 0xBE, 0xBE),
    (0x0008, 0x07, 0x00),
    (0xA000, 0x87, 0x87),
    (0x2DD5, 0x8B, 0x8C),
    (0x8105, 0x8D, 0x8D),
    (0x9900, 0x97, 0x97),
    (0x469D, 0x9C, 0x9D),
    (0x46AD, 0x9F, 0x9F),
    (0x8133, 0xBE, 0xBE),
    (0x0000, 0x03, 0x00),
    (0x46D5, 0xB3, 0xB3),
    (0x46DD, 0xB6, 0xB6),
    (0x8103, 0xBC, 0xBC),
    (0x0008, 0x03, 0x00),
    (0x8105, 0x8D, 0x8D),
    (0x46B5, 0x99, 0x9B),
    (0x46CD, 0x9E, 0x9E),
    (0x0000, 0x01, 0x00),
    (0x8103, 0xBC, 0xBC),
    (0x0000, 0x01, 0x00),
    (0x8105, 0x8D, 0x8D),
    (0x0000, 0x08, 0x00),
    (0xA000, 0x87, 0x87),
    (0x2DED, 0x88, 0x88),
    (0x2DE5, 0x8B, 0x8B),
    (0x2DF5, 0x8C, 0x8C),
    (0x8105, 0x8D, 0x8D),
    (0x9900, 0x96, 0x97),
    (0x46E5, 0x9C, 0x9C),
    (0x46ED, 0x9D, 0x9D),
    (0x0000, 0x03, 0x00),
    (0xA000, 0x92, 0x92),
    (0x2DFD, 0x94, 0x94),
    (0x9900, 0xBE, 0xBE),
    (0x0000, 0x06, 0x00),
    (0xA000, 0x86, 0x87),
    (0x2E05, 0x8A, 0x8A),
    (0x2E15, 0x8B, 0x8B),
    (0x2E0D, 0x8C, 0x8C),
    (0x8105, 0x8D, 0x8D),
    (0x9900, 0x97, 0x97),
    (0x1801, 0x04, 0x00),
    (0xA000, 0x86, 0x86),
    (0x4031, 0x88, 0x88),
    (0x8105, 0x8D, 0x8D),
    (0x8121, 0x95, 0x96),
    (0x0000, 0x02, 0x00),
    (0x8103, 0xBC, 0xBC),
    (0xA000, 0xBF, 0xBF),
    (0x0000, 0x09, 0x00),
    (0x2E1D, 0x80, 0x80),
    (0x9900, 0x82, 0x82),
    (0xA000, 0x86, 0x86),
    (0x2E25, 0x87, 0x87),
    (0x2E2D, 0x88, 0x88),
    (0x3091, 0x8A, 0x8A),
    (0x2F19, 0x8B, 0x8B),
    (0x8105, 0x8D, 0x8D),
    (0x9900, 0x95, 0x96),
    (0x0000, 0x02, 0x00),
    (0x8105, 0xBB, 0xBC),
    (0x9900, 0xBE, 0xBE),
    (0x0000, 0x06, 0x00),
    (0xA000, 0x86, 0x87),
    (0x2E35, 0x8A, 0x8A),
    (0x2E45, 0x8B, 0x8B),
    (0x2E3D, 0x8C, 0x8C),
    (0x8105, 0x8D, 0x8D),
    (0x9900, 0x97, 0x97),
    (0x6AB3, 0x07, 0x00),
    (0x9905, 0x8A, 0x8A),
    (0x9900, 0x8F, 0x8F),
    (0xA000, 0x99, 0x99),
    (0x4039, 0x9A, 0x9A),
    (0x3099, 0x9C, 0x9C),
    (0x2F24, 0x9D, 0x9D),
    (0x2E4D, 0x9E, 0x9F),
    (0x0000, 0x02, 0x00),
    (0x8123, 0xB8, 0xB9),
    (0x8105, 0xBA, 0xBA),
    (0x0000, 0x01, 0x00),
    (0x8124, 0x88, 0x8B),
    (0x0000, 0x02, 0x00),
    (0x8125, 0xB8, 0xB9),
    (0x8105, 0xBA, 0xBA),
    (0x0000, 0x01, 0x00),
    (0x8126, 0x88, 0x8B),
    (0x0000, 0x04, 0x00),
    (0x812E, 0x98, 0x99),
    (0x812E, 0xB5, 0xB5),
    (0x812E, 0xB7, 0xB7),
    (0x812C, 0xB9, 0xB9),
    (0x0000, 0x10, 0x00),
    (0x2774, 0x83, 0x83),
    (0x277B, 0x8D, 0x8D),
    (0x2782, 0x92, 0x92),
    (0x2789, 0x97, 0x97),
    (0x2790, 0x9C, 0x9C),
    (0x276D, 0xA9, 0xA9),
    (0x8127, 0xB1, 0xB1),
    (0x8128, 0xB2, 0xB2),
    (0x4BC5, 0xB3, 0xB3),
    (0x8129, 0xB4, 0xB4),
    (0x4BCE, 0xB5, 0xB5),
    (0x46F5, 0xB6, 0xB6),
    (0x8200, 0xB7, 0xB7),
    (0x46FD, 0xB8, 0xB8),
    (0x8200, 0xB9, 0xB9),
    (0x8128, 0xBA, 0xBD),
    (0x0000, 0x0B, 0x00),
    (0x8128, 0x80, 0x80),
    (0x4BD7, 0x81, 0x81),
    (0x8133, 0x82, 0x83),
    (0x8105, 0x84, 0x84),
    (0x8133, 0x86, 0x87),
    (0x279E, 0x93, 0x93),
    (0x27A5, 0x9D, 0x9D),
    (0x27AC, 0xA2, 0xA2),
    (0x27B3, 0xA7, 0xA7),
    (0x27BA, 0xAC, 0xAC),
    (0x2797, 0xB9, 0xB9),
    (0x0000, 0x01, 0x00),
    (0x812E, 0x86, 0x86),
    (0x0000, 0x05, 0x00),
    (0xA000, 0xA5, 0xA5),
    (0x2E55, 0xA6, 0xA6),
    (0x9900, 0xAE, 0xAE),
    (0x8103, 0xB7, 0xB7),
    (0x8105, 0xB9, 0xBA),
    (0x0000, 0x01, 0x00),
    (0x812E, 0x8D, 0x8D),
    (0x0000, 0x01, 0x00),
    (0xA000, 0x80, 0x92),
    (0x0000, 0x01, 0x00),
    (0xB900, 0xA1, 0xB5),
    (0x0000, 0x01, 0x00),
    (0x9900, 0xA8, 0xBF),
    (0x0000, 0x01, 0x00),
    (0x9900, 0x80, 0x82),
    (0x0000, 0x01, 0x00),
    (0x8133, 0x9D, 0x9F),
    (0x0000, 0x02, 0x00),
    (0x8105, 0x94, 0x95),
    (0x8105, 0xB4, 0xB4),
    (0x0000, 0x02, 0x00),
    (0x8105, 0x92, 0x92),
    (0x8133, 0x9D, 0x9D),
    (0x0000, 0x01, 0x00),
    (0x8132, 0xA9, 0xA9),
    (0x0004, 0x02, 0x00),
    (0x812F, 0xB9, 0xBA),
    (0x812E, 0xBB, 0xBB),
    (0x0000, 0x02, 0x00),
    (0x8133, 0x97, 0x97),
    (0x812E, 0x98, 0x98),
    (0x0000, 0x03, 0x00),
    (0x8105, 0xA0, 0xA0),
    (0x8133, 0xB5, 0xBC),
    (0x812E, 0xBF, 0xBF),
    (0x0000, 0x05, 0x00),
    (0x8133, 0xB0, 0xB4),
    (0x812E, 0xB5, 0xBA),
    (0x8133, 0xBB, 0xBC),
    (0x812E, 0xBD, 0xBD),
    (0x812E, 0xBF, 0xBF),
    (0x0000, 0x06, 0x00),
    (0x812E, 0x80, 0x80),
    (0x8133, 0x81, 0x82),
    (0x812E, 0x83, 0x84),
    (0x8133, 0x85, 0x89),
    (0x812E, 0x8A, 0x8A),
    (0x8133, 0x8B, 0x8E),
    (0x0000, 0x08, 0x00),
    (0x2E9D, 0x80, 0x80),
    (0x2EA5, 0x81, 0x81),
    (0xA000, 0x82, 0x82),
    (0x2EAD, 0x83, 0x83),
    (0x8105, 0x84, 0x84),
    (0x8133, 0xAB, 0xAB),
    (0x812E, 0xAC, 0xAC),
    (0x8133, 0xAD, 0xB3),
    (0x0000, 0x01, 0x00),
    (0x8105, 0xAA, 0xAB),
    (0x0000, 0x02, 0x00),
    (0x8103, 0xA6, 0xA6),
    (0x8105, 0xB2, 0xB3),
    (0x0000, 0x01, 0x00),
    (0x8103, 0xB7, 0xB7),
    (0x0000, 0x0A, 0x00),
    (0x8133, 0x90, 0x92),
    (0x8101, 0x94, 0x94),
    (0x812E, 0x95, 0x99),
    (0x8133, 0x9A, 0x9B),
    (0x812E, 0x9C, 0x9F),
    (0x8133, 0xA0, 0xA0),
    (0x8101, 0xA2, 0xA8),
    (0x812E, 0xAD, 0xAD),
    (0x8133, 0xB4, 0xB4),
    (0x8133, 0xB8, 0xB9),
    (0x0004, 0x03, 0x00),
    (0x052A, 0x80, 0x81),
    (0x8100, 0x97, 0x97),
    (0x8100, 0xBE, 0xBE),
    (0x0000, 0x0D, 0x00),
    (0x8133, 0x90, 0x91),
    (0x8101, 0x92, 0x93),
    (0x8133, 0x94, 0x97),
    (0x8101, 0x98, 0x9A),
    (0x8133, 0x9B, 0x9C),
    (0x8133, 0xA1, 0xA1),
    (0x8101, 0xA5, 0xA6),
    (0x8133, 0xA7, 0xA7),
    (0x812E, 0xA8, 0xA8),
    (0x8133, 0xA9, 0xA9),
    (0x8101, 0xAA, 0xAB),
    (0x812E, 0xAC, 0xAF),
    (0x8133, 0xB0, 0xB0),
    (0x43BC, 0x02, 0x00),
    (0x023C, 0xA6, 0xA6),
    (0x0057, 0xAA, 0xAB),
    (0x0007, 0x05, 0x00),
    (0xA000, 0x90, 0x90),
    (0xA000, 0x92, 0x92),
    (0xA000, 0x94, 0x94),
    (0x3CFA, 0x9A, 0x9B),
    (0x3D08, 0xAE, 0xAE),
    (0x000E, 0x05, 0x00),
    (0x3D0F, 0x8D, 0x8E),
    (0x3D16, 0x8F, 0x8F),
    (0xA000, 0x90, 0x90),
    (0xA000, 0x92, 0x92),
    (0xA000, 0x94, 0x94),
    (0x62C7, 0x0A, 0x00),
    (0xA000, 0x83, 0x83),
    (0x3D24, 0x84, 0x84),
    (0xA000, 0x88, 0x88),
    (0x3D2B, 0x89, 0x89),
    (0xA000, 0x8B, 0x8B),
    (0x3D32, 0x8C, 0x8C),
    (0xA000, 0xA3, 0xA3),
    (0x3D39, 0xA4, 0xA5),
    (0x3D40, 0xA6, 0xA6),
    (0xA000, 0xBC, 0xBC),
    (0x0007, 0x03, 0x00),
    (0x3DA9, 0xA0, 0xA1),
    (0x3DD3, 0xA2, 0xA3),
    (0x3DFD, 0xAA, 0xAD),
    (0x0004, 0x01, 0x00),
    (0x0586, 0xA9, 0xAA),
    (0x0000, 0x01, 0x00),
    (0x461E, 0x9C, 0x9C),
    (0x0000, 0x01, 0x00),
    (0x8133, 0xAF, 0xB1),
    (0x0000, 0x01, 0x00),
    (0x8105, 0xBF, 0xBF),
    (0x0000, 0x01, 0x00),
    (0x8133, 0xA0, 0xBF),
    (0x0000, 0x05, 0x00),
    (0x812D, 0xAA, 0xAA),
    (0x8132, 0xAB, 0xAB),
    (0x8134, 0xAC, 0xAC),
    (0x812F, 0xAD, 0xAD),
    (0x8130, 0xAE, 0xAF),
    (0x0000, 0x03, 0x00),
    (0x4BE0, 0xB3, 0xB3),
    (0x4BE0, 0xB5, 0xB6),
    (0x4BE0, 0xBA, 0xBF),
    (0x0000, 0x01, 0x00),
    (0x4BE0, 0x8F, 0xA3),
    (0x0000, 0x01, 0x00),
    (0x8100, 0xAE, 0xBE),
    (0x0000, 0x07, 0x00),
    (0x8100, 0x84, 0x84),
    (0x8100, 0x87, 0x87),
    (0x8100, 0x90, 0x90),
    (0x8100, 0x9E, 0x9E),
    (0x8100, 0xA1, 0xA1),
    (0x8100, 0xB2, 0xB2),
    (0x8100, 0xBB, 0xBB),
    (0x0000, 0x03, 0x00),
    (0x8100, 0x80, 0x80),
    (0x8100, 0x8B, 0x8B),
    (0x8100, 0x8E, 0x8E),
    (0x0000, 0x02, 0x00),
    (0x8133, 0xAF, 0xAF),
    (0x8133, 0xB4, 0xBD),
    (0x0000, 0x01, 0x00),
    (0x8133, 0x9E, 0x9F),
    (0x0000, 0x01, 0x00),
    (0x8133, 0xB0, 0xB1),
    (0x0000, 0x02, 0x00),
    (0x8105, 0x86, 0x86),
    (0x8105, 0xAC, 0xAC),
    (0x0000, 0x02, 0x00),
    (0x8105, 0x84, 0x84),
    (0x8133, 0xA0, 0xB1),
    (0x0000, 0x01, 0x00),
    (0x812E, 0xAB, 0xAD),
    (0x0000, 0x01, 0x00),
    (0x8105, 0x93, 0x93),
    (0x0000, 0x01, 0x00),
    (0x8103, 0xB3, 0xB3),
    (0x0000, 0x01, 0x00),
    (0x8105, 0x80, 0x80),
    (0x0000, 0x05, 0x00),
    (0x8133, 0xB0, 0xB0),
    (0x8133, 0xB2, 0xB3),
    (0x812E, 0xB4, 0xB4),
    (0x8133, 0xB7, 0xB8),
    (0x8133, 0xBE, 0xBF),
    (0x0000, 0x02, 0x00),
    (0x8133, 0x81, 0x81),
    (0x8105, 0xB6, 0xB6),
    (0x0000, 0x01, 0x00),
    (0x8105, 0xAD, 0xAD),
    (0x0000, 0x06, 0x00),
    (0xE500, 0x80, 0x80),
    (0xC600, 0x81, 0x9B),
    (0xE500, 0x9C, 0x9C),
    (0xC600, 0x9D, 0xB7),
    (0xE500, 0xB8, 0xB8),
    (0xC600, 0xB9, 0xBF),
    (0x0000, 0x05, 0x00),
    (0xC600, 0x80, 0x93),
    (0xE500, 0x94, 0x94),
    (0xC600, 0x95, 0xAF),
    (0xE500, 0xB0, 0xB0),
    (0xC600, 0xB1, 0xBF),
    (0x0000, 0x05, 0x00),
    (0xC600, 0x80, 0x8B),
    (0xE500, 0x8C, 0x8C),
    (0xC600, 0x8D, 0xA7),
    (0xE500, 0xA8, 0xA8),
    (0xC600, 0xA9, 0xBF),
    (0x0000, 0x07, 0x00),
    (0xC600, 0x80, 0x83),
    (0xE500, 0x84, 0x84),
    (0xC600, 0x85, 0x9F),
    (0xE500, 0xA0, 0xA0),
    (0xC600, 0xA1, 0xBB),
    (0xE500, 0xBC, 0xBC),
    (0xC600, 0xBD, 0xBF),
    (0x0000, 0x05, 0x00),
    (0xC600, 0x80, 0x97),
    (0xE500, 0x98, 0x98),
    (0xC600, 0x99, 0xB3),
    (0xE500, 0xB4, 0xB4),
    (0xC600, 0xB5, 0xBF),
    (0x0000, 0x05, 0x00),
    (0xC600, 0x80, 0x8F),
    (0xE500, 0x90, 0x90),
    (0xC600, 0x91, 0xAB),
    (0xE500, 0xAC, 0xAC),
    (0xC600, 0xAD, 0xBF),
    (0x0000, 0x05, 0x00),
    (0xC600, 0x80, 0x87),
    (0xE500, 0x88, 0x88),
    (0xC600, 0x89, 0xA3),
    (0xE500, 0xA4, 0xA4),
    (0xC600, 0xA5, 0xBF),
    (0x0000, 0x03, 0x00),
    (0xC600, 0x80, 0x87),
    (0xE500, 0x88, 0x88),
    (0xC600, 0x89, 0xA3),
    (0x0006, 0x0D, 0x00),
    (0x44D1, 0x9D, 0x9D),
    (0x8116, 0x9E, 0x9E),
    (0x4543, 0x9F, 0x9F),
    (0x4531, 0xAA, 0xAB),
    (0x4635, 0xAC, 0xAC),
    (0x463D, 0xAD, 0xAD),
    (0x4489, 0xAE, 0xB1),
    (0x44A7, 0xB2, 0xB4),
    (0x44BF, 0xB5, 0xB6),
    (0x44CB, 0xB8, 0xB8),
    (0x44D7, 0xB9, 0xBB),
    (0x44EF, 0xBC, 0xBC),
    (0x44F5, 0xBE, 0xBE),
    (0x0006, 0x08, 0x00),
    (0x44FB, 0x80, 0x81),
    (0x4507, 0x83, 0x84),
    (0x4519, 0x86, 0x89),
    (0x453D, 0x8A, 0x8A),
    (0x44B9, 0x8B, 0x8B),
    (0x44A1, 0x8C, 0x8C),
    (0x44E9, 0x8D, 0x8D),
    (0x4513, 0x8E, 0x8E),
    (0x0000, 0x02, 0x00),
    (0x8100, 0xA4, 0xA5),
    (0x8100, 0xB0, 0xB1),
    (0x0000, 0x02, 0x00),
    (0x8100, 0x9B, 0x9D),
    (0x8200, 0x9E, 0xA3),
    (0x0000, 0x01, 0x00),
    (0x8100, 0x90, 0x90),
    (0x0000, 0x02, 0x00),
    (0x8100, 0x99, 0x99),
    (0x8200, 0xB2, 0xB4),
    (0x0000, 0x01, 0x00),
    (0x8100, 0xBC, 0xBD),
    (0x0000, 0x03, 0x00),
    (0x8133, 0xA0, 0xA6),
    (0x812E, 0xA7, 0xAD),
    (0x8133, 0xAE, 0xAF),
    (0x0000, 0x04, 0x00),
    (0x8100, 0x89, 0x8C),
    (0x8100, 0xB0, 0xB2),
    (0x8100, 0xB4, 0xB4),
    (0x8100, 0xB6, 0xBF),
    (0x0000, 0x01, 0x00),
    (0x8100, 0x81, 0x8C),
    (0x0000, 0x01, 0x00),
    (0x8100, 0xB5, 0xBA),
    (0x0000, 0x04, 0x00),
    (0x4BE0, 0x9E, 0x9F),
    (0x4BE0, 0xA3, 0xA3),
    (0x4BE0, 0xA5, 0xA6),
    (0x4BE0, 0xAA, 0xAF),
    (0x0000, 0x05, 0x00),
    (0x4BE0, 0x82, 0x87),
    (0x4BE0, 0x8A, 0x8F),
    (0x4BE0, 0x92, 0x97),
    (0x4BE0, 0x9A, 0x9C),
    (0x8100, 0xA3, 0xA3),
    (0x0000, 0x01, 0x00),
    (0x812E, 0xBD, 0xBD),
    (0x0000, 0x01, 0x00),
    (0x812E, 0xA0, 0xA0),
    (0x0000, 0x01, 0x00),
    (0x8133, 0xB6, 0xBA),
    (0x002D, 0x05, 0x00),
    (0x812E, 0x8D, 0x8D),
    (0x8133, 0x8F, 0x8F),
    (0x8133, 0xB8, 0xB8),
    (0x8101, 0xB9, 0xBA),
    (0x8105, 0xBF, 0xBF),
    (0x0000, 0x02, 0x00),
    (0x8133, 0xA5, 0xA5),
    (0x812E, 0xA6, 0xA6),
    (0x0000, 0x01, 0x00),
    (0x8133, 0xA4, 0xA7),
    (0x0000, 0x01, 0x00),
    (0x8133, 0xAB, 0xAC),
    (0x0000, 0x01, 0x00),
    (0x812E, 0xBD, 0xBF),
    (0x0000, 0x05, 0x00),
    (0x812E, 0x86, 0x87),
    (0x8133, 0x88, 0x8A),
    (0x812E, 0x8B, 0x8B),
    (0x8133, 0x8C, 0x8C),
    (0x812E, 0x8D, 0x90),
    (0x0005, 0x03, 0x00),
    (0x8133, 0x82, 0x82),
    (0x812E, 0x83, 0x84),
    (0x812E, 0x85, 0x85),
    (0x0000, 0x03, 0x00),
    (0x8105, 0x86, 0x86),
    (0x8105, 0xB0, 0xB0),
    (0x8105, 0xBF, 0xBF),
    (0x17FE, 0x07, 0x00),
    (0xA000, 0x99, 0x99),
    (0x4379, 0x9A, 0x9A),
    (0xA000, 0x9B, 0x9B),
    (0x4383, 0x9C, 0x9C),
    (0xA000, 0xA5, 0xA5),
    (0x438D, 0xAB, 0xAB),
    (0x8105, 0xB9, 0xBA),
    (0x0000, 0x06, 0x00),
    (0x8133, 0x80, 0x82),
    (0x9900, 0xA7, 0xA7),
    (0x2EB5, 0xAE, 0xAE),
    (0x2EBF, 0xAF, 0xAF),
    (0xA000, 0xB1, 0xB2),
    (0x8105, 0xB3, 0xB4),
    (0x0000, 0x02, 0x00),
    (0x8105, 0x80, 0x80),
    (0x8103, 0x8A, 0x8A),
    (0x0000, 0x02, 0x00),
    (0x8105, 0xB5, 0xB5),
    (0x8103, 0xB6, 0xB6),
    (0x0002, 0x01, 0x00),
    (0x8103, 0xA9, 0xAA),
    (0x0000, 0x02, 0x00),
    (0x8103, 0xBB, 0xBC),
    (0x9900, 0xBE, 0xBE),
    (0x0000, 0x07, 0x00),
    (0xA000, 0x87, 0x87),
    (0x2EC9, 0x8B, 0x8B),
    (0x2ED3, 0x8C, 0x8C),
    (0x8105, 0x8D, 0x8D),
    (0x9900, 0x97, 0x97),
    (0x8133, 0xA6, 0xAC),
    (0x8133, 0xB0, 0xB4),
    (0x0000, 0x03, 0x00),
    (0x8105, 0x82, 0x82),
    (0x8103, 0x86, 0x86),
    (0x8133, 0x9E, 0x9E),
    (0x6A23, 0x06, 0x00),
    (0x9900, 0xB0, 0xB0),
    (0xA000, 0xB9, 0xB9),
    (0x9900, 0xBA, 0xBA),
    (0x2EE7, 0xBB, 0xBB),
    (0x2EDD, 0xBC, 0xBD),
    (0x2EF1, 0xBE, 0xBE),
    (0x0000, 0x02, 0x00),
    (0x8105, 0x82, 0x82),
    (0x8103, 0x83, 0x83),
    (0x0000, 0x05, 0x00),
    (0x9900, 0xAF, 0xAF),
    (0xA000, 0xB8, 0xB9),
    (0x2EFB, 0xBA, 0xBA),
    (0x2F05, 0xBB, 0xBB),
    (0x8105, 0xBF, 0xBF),
    (0x0000, 0x01, 0x00),
    (0x8103, 0x80, 0x80),
    (0x0000, 0x02, 0x00),
    (0x8105, 0xB6, 0xB6),
    (0x8103, 0xB7, 0xB7),
    (0x0000, 0x01, 0x00),
    (0x8105, 0xAB, 0xAB),
    (0x0000, 0x02, 0x00),
    (0x8105, 0xB9, 0xB9),
    (0x8103, 0xBA, 0xBA),
    (0x0000, 0x04, 0x00),
    (0x9900, 0xB0, 0xB0),
    (0xA000, 0xB5, 0xB5),
    (0x2F0F, 0xB8, 0xB8),
    (0x8105, 0xBD, 0xBE),
    (0x0000, 0x01, 0x00),
    (0x8103, 0x83, 0x83),
    (0x0000, 0x01, 0x00),
    (0x8105, 0xA0, 0xA0),
    (0x0000, 0x01, 0x00),
    (0x8105, 0xB4, 0xB4),
    (0x0000, 0x01, 0x00),
    (0x8105, 0x87, 0x87),
    (0x0000, 0x01, 0x00),
    (0x8105, 0x99, 0x99),
    (0x0000, 0x02, 0x00),
    (0x8103, 0x82, 0x82),
    (0x8105, 0x84, 0x85),
    (0x0000, 0x01, 0x00),
    (0x8105, 0x97, 0x97),
    (0x0000, 0x01, 0x00),
    (0x8105, 0x81, 0x82),
    (0x0000, 0x01, 0x00),
    (0x8101, 0xB0, 0xB4),
    (0x0000, 0x01, 0x00),
    (0x8133, 0xB0, 0xB6),
    (0x0000, 0x01, 0x00),
    (0x8102, 0xB0, 0xB1),
    (0x0000, 0x01, 0x00),
    (0x8101, 0x9E, 0x9E),
    (0x0000, 0x0C, 0x00),
    (0x470D, 0x9E, 0x9E),
    (0x4717, 0x9F, 0x9F),
    (0x474B, 0xA0, 0xA0),
    (0x4759, 0xA1, 0xA1),
    (0x4767, 0xA2, 0xA2),
    (0x4775, 0xA3, 0xA3),
    (0x4783, 0xA4, 0xA4),
    (0x812C, 0xA5, 0xA6),
    (0x8101, 0xA7, 0xA9),
    (0x8131, 0xAD, 0xAD),
    (0x812C, 0xAE, 0xB2),
    (0x812E, 0xBB, 0xBF),
    (0x0000, 0x09, 0x00),
    (0x812E, 0x80, 0x82),
    (0x8133, 0x85, 0x89),
    (0x812E, 0x8A, 0x8B),
    (0x8133, 0xAA, 0xAD),
    (0x4721, 0xBB, 0xBB),
    (0x472B, 0xBC, 0xBC),
    (0x4791, 0xBD, 0xBD),
    (0x47AD, 0xBE, 0xBE),
    (0x479F, 0xBF, 0xBF),
    (0x0000, 0x01, 0x00),
    (0x47BB, 0x80, 0x80),
    (0x0000, 0x01, 0x00),
    (0x8133, 0x82, 0x84),
    (0x0000, 0x05, 0x00),
    (0x8133, 0x80, 0x86),
    (0x8133, 0x88, 0x98),
    (0x8133, 0x9B, 0xA1),
    (0x8133, 0xA3, 0xA4),
    (0x8133, 0xA6, 0xAA),
    (0x0000, 0x01, 0x00),
    (0x8133, 0x8F, 0x8F),
    (0x0000, 0x01, 0x00),
    (0x8133, 0xAE, 0xAE),
    (0x0000, 0x01, 0x00),
    (0x8133, 0xAC, 0xAF),
    (0x0000, 0x03, 0x00),
    (0x8134, 0xAC, 0xAD),
    (0x812E, 0xAE, 0xAE),
    (0x8133, 0xAF, 0xAF),
    (0x0000, 0x01, 0x00),
    (0x812E, 0x90, 0x96),
    (0x0000, 0x02, 0x00),
    (0x8133, 0x84, 0x89),
    (0x8103, 0x8A, 0x8A),
    (0x0000, 0x01, 0x00),
    (0x8100, 0x93, 0x93),
];

/// `recompMapPacked` as (key, composite) pairs sorted by key; the key is
/// `uint32(uint16(a))<<16 + uint32(uint16(b))`.
pub(super) static RECOMP_MAP: [(u32, u32); 941] = [
    (0x003C0338, 0x226E),
    (0x003D0338, 0x2260),
    (0x003E0338, 0x226F),
    (0x00410300, 0xC0),
    (0x00410301, 0xC1),
    (0x00410302, 0xC2),
    (0x00410303, 0xC3),
    (0x00410304, 0x100),
    (0x00410306, 0x102),
    (0x00410307, 0x226),
    (0x00410308, 0xC4),
    (0x00410309, 0x1EA2),
    (0x0041030A, 0xC5),
    (0x0041030C, 0x1CD),
    (0x0041030F, 0x200),
    (0x00410311, 0x202),
    (0x00410323, 0x1EA0),
    (0x00410325, 0x1E00),
    (0x00410328, 0x104),
    (0x00420307, 0x1E02),
    (0x00420323, 0x1E04),
    (0x00420331, 0x1E06),
    (0x00430301, 0x106),
    (0x00430302, 0x108),
    (0x00430307, 0x10A),
    (0x0043030C, 0x10C),
    (0x00430327, 0xC7),
    (0x00440307, 0x1E0A),
    (0x0044030C, 0x10E),
    (0x00440323, 0x1E0C),
    (0x00440327, 0x1E10),
    (0x0044032D, 0x1E12),
    (0x00440331, 0x1E0E),
    (0x00450300, 0xC8),
    (0x00450301, 0xC9),
    (0x00450302, 0xCA),
    (0x00450303, 0x1EBC),
    (0x00450304, 0x112),
    (0x00450306, 0x114),
    (0x00450307, 0x116),
    (0x00450308, 0xCB),
    (0x00450309, 0x1EBA),
    (0x0045030C, 0x11A),
    (0x0045030F, 0x204),
    (0x00450311, 0x206),
    (0x00450323, 0x1EB8),
    (0x00450327, 0x228),
    (0x00450328, 0x118),
    (0x0045032D, 0x1E18),
    (0x00450330, 0x1E1A),
    (0x00460307, 0x1E1E),
    (0x00470301, 0x1F4),
    (0x00470302, 0x11C),
    (0x00470304, 0x1E20),
    (0x00470306, 0x11E),
    (0x00470307, 0x120),
    (0x0047030C, 0x1E6),
    (0x00470327, 0x122),
    (0x00480302, 0x124),
    (0x00480307, 0x1E22),
    (0x00480308, 0x1E26),
    (0x0048030C, 0x21E),
    (0x00480323, 0x1E24),
    (0x00480327, 0x1E28),
    (0x0048032E, 0x1E2A),
    (0x00490300, 0xCC),
    (0x00490301, 0xCD),
    (0x00490302, 0xCE),
    (0x00490303, 0x128),
    (0x00490304, 0x12A),
    (0x00490306, 0x12C),
    (0x00490307, 0x130),
    (0x00490308, 0xCF),
    (0x00490309, 0x1EC8),
    (0x0049030C, 0x1CF),
    (0x0049030F, 0x208),
    (0x00490311, 0x20A),
    (0x00490323, 0x1ECA),
    (0x00490328, 0x12E),
    (0x00490330, 0x1E2C),
    (0x004A0302, 0x134),
    (0x004B0301, 0x1E30),
    (0x004B030C, 0x1E8),
    (0x004B0323, 0x1E32),
    (0x004B0327, 0x136),
    (0x004B0331, 0x1E34),
    (0x004C0301, 0x139),
    (0x004C030C, 0x13D),
    (0x004C0323, 0x1E36),
    (0x004C0327, 0x13B),
    (0x004C032D, 0x1E3C),
    (0x004C0331, 0x1E3A),
    (0x004D0301, 0x1E3E),
    (0x004D0307, 0x1E40),
    (0x004D0323, 0x1E42),
    (0x004E0300, 0x1F8),
    (0x004E0301, 0x143),
    (0x004E0303, 0xD1),
    (0x004E0307, 0x1E44),
    (0x004E030C, 0x147),
    (0x004E0323, 0x1E46),
    (0x004E0327, 0x145),
    (0x004E032D, 0x1E4A),
    (0x004E0331, 0x1E48),
    (0x004F0300, 0xD2),
    (0x004F0301, 0xD3),
    (0x004F0302, 0xD4),
    (0x004F0303, 0xD5),
    (0x004F0304, 0x14C),
    (0x004F0306, 0x14E),
    (0x004F0307, 0x22E),
    (0x004F0308, 0xD6),
    (0x004F0309, 0x1ECE),
    (0x004F030B, 0x150),
    (0x004F030C, 0x1D1),
    (0x004F030F, 0x20C),
    (0x004F0311, 0x20E),
    (0x004F031B, 0x1A0),
    (0x004F0323, 0x1ECC),
    (0x004F0328, 0x1EA),
    (0x00500301, 0x1E54),
    (0x00500307, 0x1E56),
    (0x00520301, 0x154),
    (0x00520307, 0x1E58),
    (0x0052030C, 0x158),
    (0x0052030F, 0x210),
    (0x00520311, 0x212),
    (0x00520323, 0x1E5A),
    (0x00520327, 0x156),
    (0x00520331, 0x1E5E),
    (0x00530301, 0x15A),
    (0x00530302, 0x15C),
    (0x00530307, 0x1E60),
    (0x0053030C, 0x160),
    (0x00530323, 0x1E62),
    (0x00530326, 0x218),
    (0x00530327, 0x15E),
    (0x00540307, 0x1E6A),
    (0x0054030C, 0x164),
    (0x00540323, 0x1E6C),
    (0x00540326, 0x21A),
    (0x00540327, 0x162),
    (0x0054032D, 0x1E70),
    (0x00540331, 0x1E6E),
    (0x00550300, 0xD9),
    (0x00550301, 0xDA),
    (0x00550302, 0xDB),
    (0x00550303, 0x168),
    (0x00550304, 0x16A),
    (0x00550306, 0x16C),
    (0x00550308, 0xDC),
    (0x00550309, 0x1EE6),
    (0x0055030A, 0x16E),
    (0x0055030B, 0x170),
    (0x0055030C, 0x1D3),
    (0x0055030F, 0x214),
    (0x00550311, 0x216),
    (0x0055031B, 0x1AF),
    (0x00550323, 0x1EE4),
    (0x00550324, 0x1E72),
    (0x00550328, 0x172),
    (0x0055032D, 0x1E76),
    (0x00550330, 0x1E74),
    (0x00560303, 0x1E7C),
    (0x00560323, 0x1E7E),
    (0x00570300, 0x1E80),
    (0x00570301, 0x1E82),
    (0x00570302, 0x174),
    (0x00570307, 0x1E86),
    (0x00570308, 0x1E84),
    (0x00570323, 0x1E88),
    (0x00580307, 0x1E8A),
    (0x00580308, 0x1E8C),
    (0x00590300, 0x1EF2),
    (0x00590301, 0xDD),
    (0x00590302, 0x176),
    (0x00590303, 0x1EF8),
    (0x00590304, 0x232),
    (0x00590307, 0x1E8E),
    (0x00590308, 0x178),
    (0x00590309, 0x1EF6),
    (0x00590323, 0x1EF4),
    (0x005A0301, 0x179),
    (0x005A0302, 0x1E90),
    (0x005A0307, 0x17B),
    (0x005A030C, 0x17D),
    (0x005A0323, 0x1E92),
    (0x005A0331, 0x1E94),
    (0x00610300, 0xE0),
    (0x00610301, 0xE1),
    (0x00610302, 0xE2),
    (0x00610303, 0xE3),
    (0x00610304, 0x101),
    (0x00610306, 0x103),
    (0x00610307, 0x227),
    (0x00610308, 0xE4),
    (0x00610309, 0x1EA3),
    (0x0061030A, 0xE5),
    (0x0061030C, 0x1CE),
    (0x0061030F, 0x201),
    (0x00610311, 0x203),
    (0x00610323, 0x1EA1),
    (0x00610325, 0x1E01),
    (0x00610328, 0x105),
    (0x00620307, 0x1E03),
    (0x00620323, 0x1E05),
    (0x00620331, 0x1E07),
    (0x00630301, 0x107),
    (0x00630302, 0x109),
    (0x00630307, 0x10B),
    (0x0063030C, 0x10D),
    (0x00630327, 0xE7),
    (0x00640307, 0x1E0B),
    (0x0064030C, 0x10F),
    (0x00640323, 0x1E0D),
    (0x00640327, 0x1E11),
    (0x0064032D, 0x1E13),
    (0x00640331, 0x1E0F),
    (0x00650300, 0xE8),
    (0x00650301, 0xE9),
    (0x00650302, 0xEA),
    (0x00650303, 0x1EBD),
    (0x00650304, 0x113),
    (0x00650306, 0x115),
    (0x00650307, 0x117),
    (0x00650308, 0xEB),
    (0x00650309, 0x1EBB),
    (0x0065030C, 0x11B),
    (0x0065030F, 0x205),
    (0x00650311, 0x207),
    (0x00650323, 0x1EB9),
    (0x00650327, 0x229),
    (0x00650328, 0x119),
    (0x0065032D, 0x1E19),
    (0x00650330, 0x1E1B),
    (0x00660307, 0x1E1F),
    (0x00670301, 0x1F5),
    (0x00670302, 0x11D),
    (0x00670304, 0x1E21),
    (0x00670306, 0x11F),
    (0x00670307, 0x121),
    (0x0067030C, 0x1E7),
    (0x00670327, 0x123),
    (0x00680302, 0x125),
    (0x00680307, 0x1E23),
    (0x00680308, 0x1E27),
    (0x0068030C, 0x21F),
    (0x00680323, 0x1E25),
    (0x00680327, 0x1E29),
    (0x0068032E, 0x1E2B),
    (0x00680331, 0x1E96),
    (0x00690300, 0xEC),
    (0x00690301, 0xED),
    (0x00690302, 0xEE),
    (0x00690303, 0x129),
    (0x00690304, 0x12B),
    (0x00690306, 0x12D),
    (0x00690308, 0xEF),
    (0x00690309, 0x1EC9),
    (0x0069030C, 0x1D0),
    (0x0069030F, 0x209),
    (0x00690311, 0x20B),
    (0x00690323, 0x1ECB),
    (0x00690328, 0x12F),
    (0x00690330, 0x1E2D),
    (0x006A0302, 0x135),
    (0x006A030C, 0x1F0),
    (0x006B0301, 0x1E31),
    (0x006B030C, 0x1E9),
    (0x006B0323, 0x1E33),
    (0x006B0327, 0x137),
    (0x006B0331, 0x1E35),
    (0x006C0301, 0x13A),
    (0x006C030C, 0x13E),
    (0x006C0323, 0x1E37),
    (0x006C0327, 0x13C),
    (0x006C032D, 0x1E3D),
    (0x006C0331, 0x1E3B),
    (0x006D0301, 0x1E3F),
    (0x006D0307, 0x1E41),
    (0x006D0323, 0x1E43),
    (0x006E0300, 0x1F9),
    (0x006E0301, 0x144),
    (0x006E0303, 0xF1),
    (0x006E0307, 0x1E45),
    (0x006E030C, 0x148),
    (0x006E0323, 0x1E47),
    (0x006E0327, 0x146),
    (0x006E032D, 0x1E4B),
    (0x006E0331, 0x1E49),
    (0x006F0300, 0xF2),
    (0x006F0301, 0xF3),
    (0x006F0302, 0xF4),
    (0x006F0303, 0xF5),
    (0x006F0304, 0x14D),
    (0x006F0306, 0x14F),
    (0x006F0307, 0x22F),
    (0x006F0308, 0xF6),
    (0x006F0309, 0x1ECF),
    (0x006F030B, 0x151),
    (0x006F030C, 0x1D2),
    (0x006F030F, 0x20D),
    (0x006F0311, 0x20F),
    (0x006F031B, 0x1A1),
    (0x006F0323, 0x1ECD),
    (0x006F0328, 0x1EB),
    (0x00700301, 0x1E55),
    (0x00700307, 0x1E57),
    (0x00720301, 0x155),
    (0x00720307, 0x1E59),
    (0x0072030C, 0x159),
    (0x0072030F, 0x211),
    (0x00720311, 0x213),
    (0x00720323, 0x1E5B),
    (0x00720327, 0x157),
    (0x00720331, 0x1E5F),
    (0x00730301, 0x15B),
    (0x00730302, 0x15D),
    (0x00730307, 0x1E61),
    (0x0073030C, 0x161),
    (0x00730323, 0x1E63),
    (0x00730326, 0x219),
    (0x00730327, 0x15F),
    (0x00740307, 0x1E6B),
    (0x00740308, 0x1E97),
    (0x0074030C, 0x165),
    (0x00740323, 0x1E6D),
    (0x00740326, 0x21B),
    (0x00740327, 0x163),
    (0x0074032D, 0x1E71),
    (0x00740331, 0x1E6F),
    (0x00750300, 0xF9),
    (0x00750301, 0xFA),
    (0x00750302, 0xFB),
    (0x00750303, 0x169),
    (0x00750304, 0x16B),
    (0x00750306, 0x16D),
    (0x00750308, 0xFC),
    (0x00750309, 0x1EE7),
    (0x0075030A, 0x16F),
    (0x0075030B, 0x171),
    (0x0075030C, 0x1D4),
    (0x0075030F, 0x215),
    (0x00750311, 0x217),
    (0x0075031B, 0x1B0),
    (0x00750323, 0x1EE5),
    (0x00750324, 0x1E73),
    (0x00750328, 0x173),
    (0x0075032D, 0x1E77),
    (0x00750330, 0x1E75),
    (0x00760303, 0x1E7D),
    (0x00760323, 0x1E7F),
    (0x00770300, 0x1E81),
    (0x00770301, 0x1E83),
    (0x00770302, 0x175),
    (0x00770307, 0x1E87),
    (0x00770308, 0x1E85),
    (0x0077030A, 0x1E98),
    (0x00770323, 0x1E89),
    (0x00780307, 0x1E8B),
    (0x00780308, 0x1E8D),
    (0x00790300, 0x1EF3),
    (0x00790301, 0xFD),
    (0x00790302, 0x177),
    (0x00790303, 0x1EF9),
    (0x00790304, 0x233),
    (0x00790307, 0x1E8F),
    (0x00790308, 0xFF),
    (0x00790309, 0x1EF7),
    (0x0079030A, 0x1E99),
    (0x00790323, 0x1EF5),
    (0x007A0301, 0x17A),
    (0x007A0302, 0x1E91),
    (0x007A0307, 0x17C),
    (0x007A030C, 0x17E),
    (0x007A0323, 0x1E93),
    (0x007A0331, 0x1E95),
    (0x00A80300, 0x1FED),
    (0x00A80301, 0x385),
    (0x00A80342, 0x1FC1),
    (0x00C20300, 0x1EA6),
    (0x00C20301, 0x1EA4),
    (0x00C20303, 0x1EAA),
    (0x00C20309, 0x1EA8),
    (0x00C40304, 0x1DE),
    (0x00C50301, 0x1FA),
    (0x00C60301, 0x1FC),
    (0x00C60304, 0x1E2),
    (0x00C70301, 0x1E08),
    (0x00CA0300, 0x1EC0),
    (0x00CA0301, 0x1EBE),
    (0x00CA0303, 0x1EC4),
    (0x00CA0309, 0x1EC2),
    (0x00CF0301, 0x1E2E),
    (0x00D40300, 0x1ED2),
    (0x00D40301, 0x1ED0),
    (0x00D40303, 0x1ED6),
    (0x00D40309, 0x1ED4),
    (0x00D50301, 0x1E4C),
    (0x00D50304, 0x22C),
    (0x00D50308, 0x1E4E),
    (0x00D60304, 0x22A),
    (0x00D80301, 0x1FE),
    (0x00DC0300, 0x1DB),
    (0x00DC0301, 0x1D7),
    (0x00DC0304, 0x1D5),
    (0x00DC030C, 0x1D9),
    (0x00E20300, 0x1EA7),
    (0x00E20301, 0x1EA5),
    (0x00E20303, 0x1EAB),
    (0x00E20309, 0x1EA9),
    (0x00E40304, 0x1DF),
    (0x00E50301, 0x1FB),
    (0x00E60301, 0x1FD),
    (0x00E60304, 0x1E3),
    (0x00E70301, 0x1E09),
    (0x00EA0300, 0x1EC1),
    (0x00EA0301, 0x1EBF),
    (0x00EA0303, 0x1EC5),
    (0x00EA0309, 0x1EC3),
    (0x00EF0301, 0x1E2F),
    (0x00F40300, 0x1ED3),
    (0x00F40301, 0x1ED1),
    (0x00F40303, 0x1ED7),
    (0x00F40309, 0x1ED5),
    (0x00F50301, 0x1E4D),
    (0x00F50304, 0x22D),
    (0x00F50308, 0x1E4F),
    (0x00F60304, 0x22B),
    (0x00F80301, 0x1FF),
    (0x00FC0300, 0x1DC),
    (0x00FC0301, 0x1D8),
    (0x00FC0304, 0x1D6),
    (0x00FC030C, 0x1DA),
    (0x01020300, 0x1EB0),
    (0x01020301, 0x1EAE),
    (0x01020303, 0x1EB4),
    (0x01020309, 0x1EB2),
    (0x01030300, 0x1EB1),
    (0x01030301, 0x1EAF),
    (0x01030303, 0x1EB5),
    (0x01030309, 0x1EB3),
    (0x01120300, 0x1E14),
    (0x01120301, 0x1E16),
    (0x01130300, 0x1E15),
    (0x01130301, 0x1E17),
    (0x014C0300, 0x1E50),
    (0x014C0301, 0x1E52),
    (0x014D0300, 0x1E51),
    (0x014D0301, 0x1E53),
    (0x015A0307, 0x1E64),
    (0x015B0307, 0x1E65),
    (0x01600307, 0x1E66),
    (0x01610307, 0x1E67),
    (0x01680301, 0x1E78),
    (0x01690301, 0x1E79),
    (0x016A0308, 0x1E7A),
    (0x016B0308, 0x1E7B),
    (0x017F0307, 0x1E9B),
    (0x01A00300, 0x1EDC),
    (0x01A00301, 0x1EDA),
    (0x01A00303, 0x1EE0),
    (0x01A00309, 0x1EDE),
    (0x01A00323, 0x1EE2),
    (0x01A10300, 0x1EDD),
    (0x01A10301, 0x1EDB),
    (0x01A10303, 0x1EE1),
    (0x01A10309, 0x1EDF),
    (0x01A10323, 0x1EE3),
    (0x01AF0300, 0x1EEA),
    (0x01AF0301, 0x1EE8),
    (0x01AF0303, 0x1EEE),
    (0x01AF0309, 0x1EEC),
    (0x01AF0323, 0x1EF0),
    (0x01B00300, 0x1EEB),
    (0x01B00301, 0x1EE9),
    (0x01B00303, 0x1EEF),
    (0x01B00309, 0x1EED),
    (0x01B00323, 0x1EF1),
    (0x01B7030C, 0x1EE),
    (0x01EA0304, 0x1EC),
    (0x01EB0304, 0x1ED),
    (0x02260304, 0x1E0),
    (0x02270304, 0x1E1),
    (0x02280306, 0x1E1C),
    (0x02290306, 0x1E1D),
    (0x022E0304, 0x230),
    (0x022F0304, 0x231),
    (0x0292030C, 0x1EF),
    (0x03910300, 0x1FBA),
    (0x03910301, 0x386),
    (0x03910304, 0x1FB9),
    (0x03910306, 0x1FB8),
    (0x03910313, 0x1F08),
    (0x03910314, 0x1F09),
    (0x03910345, 0x1FBC),
    (0x03950300, 0x1FC8),
    (0x03950301, 0x388),
    (0x03950313, 0x1F18),
    (0x03950314, 0x1F19),
    (0x03970300, 0x1FCA),
    (0x03970301, 0x389),
    (0x03970313, 0x1F28),
    (0x03970314, 0x1F29),
    (0x03970345, 0x1FCC),
    (0x03990300, 0x1FDA),
    (0x03990301, 0x38A),
    (0x03990304, 0x1FD9),
    (0x03990306, 0x1FD8),
    (0x03990308, 0x3AA),
    (0x03990313, 0x1F38),
    (0x03990314, 0x1F39),
    (0x039F0300, 0x1FF8),
    (0x039F0301, 0x38C),
    (0x039F0313, 0x1F48),
    (0x039F0314, 0x1F49),
    (0x03A10314, 0x1FEC),
    (0x03A50300, 0x1FEA),
    (0x03A50301, 0x38E),
    (0x03A50304, 0x1FE9),
    (0x03A50306, 0x1FE8),
    (0x03A50308, 0x3AB),
    (0x03A50314, 0x1F59),
    (0x03A90300, 0x1FFA),
    (0x03A90301, 0x38F),
    (0x03A90313, 0x1F68),
    (0x03A90314, 0x1F69),
    (0x03A90345, 0x1FFC),
    (0x03AC0345, 0x1FB4),
    (0x03AE0345, 0x1FC4),
    (0x03B10300, 0x1F70),
    (0x03B10301, 0x3AC),
    (0x03B10304, 0x1FB1),
    (0x03B10306, 0x1FB0),
    (0x03B10313, 0x1F00),
    (0x03B10314, 0x1F01),
    (0x03B10342, 0x1FB6),
    (0x03B10345, 0x1FB3),
    (0x03B50300, 0x1F72),
    (0x03B50301, 0x3AD),
    (0x03B50313, 0x1F10),
    (0x03B50314, 0x1F11),
    (0x03B70300, 0x1F74),
    (0x03B70301, 0x3AE),
    (0x03B70313, 0x1F20),
    (0x03B70314, 0x1F21),
    (0x03B70342, 0x1FC6),
    (0x03B70345, 0x1FC3),
    (0x03B90300, 0x1F76),
    (0x03B90301, 0x3AF),
    (0x03B90304, 0x1FD1),
    (0x03B90306, 0x1FD0),
    (0x03B90308, 0x3CA),
    (0x03B90313, 0x1F30),
    (0x03B90314, 0x1F31),
    (0x03B90342, 0x1FD6),
    (0x03BF0300, 0x1F78),
    (0x03BF0301, 0x3CC),
    (0x03BF0313, 0x1F40),
    (0x03BF0314, 0x1F41),
    (0x03C10313, 0x1FE4),
    (0x03C10314, 0x1FE5),
    (0x03C50300, 0x1F7A),
    (0x03C50301, 0x3CD),
    (0x03C50304, 0x1FE1),
    (0x03C50306, 0x1FE0),
    (0x03C50308, 0x3CB),
    (0x03C50313, 0x1F50),
    (0x03C50314, 0x1F51),
    (0x03C50342, 0x1FE6),
    (0x03C90300, 0x1F7C),
    (0x03C90301, 0x3CE),
    (0x03C90313, 0x1F60),
    (0x03C90314, 0x1F61),
    (0x03C90342, 0x1FF6),
    (0x03C90345, 0x1FF3),
    (0x03CA0300, 0x1FD2),
    (0x03CA0301, 0x390),
    (0x03CA0342, 0x1FD7),
    (0x03CB0300, 0x1FE2),
    (0x03CB0301, 0x3B0),
    (0x03CB0342, 0x1FE7),
    (0x03CE0345, 0x1FF4),
    (0x03D20301, 0x3D3),
    (0x03D20308, 0x3D4),
    (0x04060308, 0x407),
    (0x04100306, 0x4D0),
    (0x04100308, 0x4D2),
    (0x04130301, 0x403),
    (0x04150300, 0x400),
    (0x04150306, 0x4D6),
    (0x04150308, 0x401),
    (0x04160306, 0x4C1),
    (0x04160308, 0x4DC),
    (0x04170308, 0x4DE),
    (0x04180300, 0x40D),
    (0x04180304, 0x4E2),
    (0x04180306, 0x419),
    (0x04180308, 0x4E4),
    (0x041A0301, 0x40C),
    (0x041E0308, 0x4E6),
    (0x04230304, 0x4EE),
    (0x04230306, 0x40E),
    (0x04230308, 0x4F0),
    (0x0423030B, 0x4F2),
    (0x04270308, 0x4F4),
    (0x042B0308, 0x4F8),
    (0x042D0308, 0x4EC),
    (0x04300306, 0x4D1),
    (0x04300308, 0x4D3),
    (0x04330301, 0x453),
    (0x04350300, 0x450),
    (0x04350306, 0x4D7),
    (0x04350308, 0x451),
    (0x04360306, 0x4C2),
    (0x04360308, 0x4DD),
    (0x04370308, 0x4DF),
    (0x04380300, 0x45D),
    (0x04380304, 0x4E3),
    (0x04380306, 0x439),
    (0x04380308, 0x4E5),
    (0x043A0301, 0x45C),
    (0x043E0308, 0x4E7),
    (0x04430304, 0x4EF),
    (0x04430306, 0x45E),
    (0x04430308, 0x4F1),
    (0x0443030B, 0x4F3),
    (0x04470308, 0x4F5),
    (0x044B0308, 0x4F9),
    (0x044D0308, 0x4ED),
    (0x04560308, 0x457),
    (0x0474030F, 0x476),
    (0x0475030F, 0x477),
    (0x04D80308, 0x4DA),
    (0x04D90308, 0x4DB),
    (0x04E80308, 0x4EA),
    (0x04E90308, 0x4EB),
    (0x06270653, 0x622),
    (0x06270654, 0x623),
    (0x06270655, 0x625),
    (0x06480654, 0x624),
    (0x064A0654, 0x626),
    (0x06C10654, 0x6C2),
    (0x06D20654, 0x6D3),
    (0x06D50654, 0x6C0),
    (0x0928093C, 0x929),
    (0x0930093C, 0x931),
    (0x0933093C, 0x934),
    (0x09C709BE, 0x9CB),
    (0x09C709D7, 0x9CC),
    (0x0B470B3E, 0xB4B),
    (0x0B470B56, 0xB48),
    (0x0B470B57, 0xB4C),
    (0x0B920BD7, 0xB94),
    (0x0BC60BBE, 0xBCA),
    (0x0BC60BD7, 0xBCC),
    (0x0BC70BBE, 0xBCB),
    (0x0C460C56, 0xC48),
    (0x0CBF0CD5, 0xCC0),
    (0x0CC60CC2, 0xCCA),
    (0x0CC60CD5, 0xCC7),
    (0x0CC60CD6, 0xCC8),
    (0x0CCA0CD5, 0xCCB),
    (0x0D460D3E, 0xD4A),
    (0x0D460D57, 0xD4C),
    (0x0D470D3E, 0xD4B),
    (0x0DD90DCA, 0xDDA),
    (0x0DD90DCF, 0xDDC),
    (0x0DD90DDF, 0xDDE),
    (0x0DDC0DCA, 0xDDD),
    (0x1025102E, 0x1026),
    (0x109910BA, 0x1109A),
    (0x109B10BA, 0x1109C),
    (0x10A510BA, 0x110AB),
    (0x11311127, 0x1112E),
    (0x11321127, 0x1112F),
    (0x1347133E, 0x1134B),
    (0x13471357, 0x1134C),
    (0x14B914B0, 0x114BC),
    (0x14B914BA, 0x114BB),
    (0x14B914BD, 0x114BE),
    (0x15B815AF, 0x115BA),
    (0x15B915AF, 0x115BB),
    (0x19351930, 0x11938),
    (0x1B051B35, 0x1B06),
    (0x1B071B35, 0x1B08),
    (0x1B091B35, 0x1B0A),
    (0x1B0B1B35, 0x1B0C),
    (0x1B0D1B35, 0x1B0E),
    (0x1B111B35, 0x1B12),
    (0x1B3A1B35, 0x1B3B),
    (0x1B3C1B35, 0x1B3D),
    (0x1B3E1B35, 0x1B40),
    (0x1B3F1B35, 0x1B41),
    (0x1B421B35, 0x1B43),
    (0x1E360304, 0x1E38),
    (0x1E370304, 0x1E39),
    (0x1E5A0304, 0x1E5C),
    (0x1E5B0304, 0x1E5D),
    (0x1E620307, 0x1E68),
    (0x1E630307, 0x1E69),
    (0x1EA00302, 0x1EAC),
    (0x1EA00306, 0x1EB6),
    (0x1EA10302, 0x1EAD),
    (0x1EA10306, 0x1EB7),
    (0x1EB80302, 0x1EC6),
    (0x1EB90302, 0x1EC7),
    (0x1ECC0302, 0x1ED8),
    (0x1ECD0302, 0x1ED9),
    (0x1F000300, 0x1F02),
    (0x1F000301, 0x1F04),
    (0x1F000342, 0x1F06),
    (0x1F000345, 0x1F80),
    (0x1F010300, 0x1F03),
    (0x1F010301, 0x1F05),
    (0x1F010342, 0x1F07),
    (0x1F010345, 0x1F81),
    (0x1F020345, 0x1F82),
    (0x1F030345, 0x1F83),
    (0x1F040345, 0x1F84),
    (0x1F050345, 0x1F85),
    (0x1F060345, 0x1F86),
    (0x1F070345, 0x1F87),
    (0x1F080300, 0x1F0A),
    (0x1F080301, 0x1F0C),
    (0x1F080342, 0x1F0E),
    (0x1F080345, 0x1F88),
    (0x1F090300, 0x1F0B),
    (0x1F090301, 0x1F0D),
    (0x1F090342, 0x1F0F),
    (0x1F090345, 0x1F89),
    (0x1F0A0345, 0x1F8A),
    (0x1F0B0345, 0x1F8B),
    (0x1F0C0345, 0x1F8C),
    (0x1F0D0345, 0x1F8D),
    (0x1F0E0345, 0x1F8E),
    (0x1F0F0345, 0x1F8F),
    (0x1F100300, 0x1F12),
    (0x1F100301, 0x1F14),
    (0x1F110300, 0x1F13),
    (0x1F110301, 0x1F15),
    (0x1F180300, 0x1F1A),
    (0x1F180301, 0x1F1C),
    (0x1F190300, 0x1F1B),
    (0x1F190301, 0x1F1D),
    (0x1F200300, 0x1F22),
    (0x1F200301, 0x1F24),
    (0x1F200342, 0x1F26),
    (0x1F200345, 0x1F90),
    (0x1F210300, 0x1F23),
    (0x1F210301, 0x1F25),
    (0x1F210342, 0x1F27),
    (0x1F210345, 0x1F91),
    (0x1F220345, 0x1F92),
    (0x1F230345, 0x1F93),
    (0x1F240345, 0x1F94),
    (0x1F250345, 0x1F95),
    (0x1F260345, 0x1F96),
    (0x1F270345, 0x1F97),
    (0x1F280300, 0x1F2A),
    (0x1F280301, 0x1F2C),
    (0x1F280342, 0x1F2E),
    (0x1F280345, 0x1F98),
    (0x1F290300, 0x1F2B),
    (0x1F290301, 0x1F2D),
    (0x1F290342, 0x1F2F),
    (0x1F290345, 0x1F99),
    (0x1F2A0345, 0x1F9A),
    (0x1F2B0345, 0x1F9B),
    (0x1F2C0345, 0x1F9C),
    (0x1F2D0345, 0x1F9D),
    (0x1F2E0345, 0x1F9E),
    (0x1F2F0345, 0x1F9F),
    (0x1F300300, 0x1F32),
    (0x1F300301, 0x1F34),
    (0x1F300342, 0x1F36),
    (0x1F310300, 0x1F33),
    (0x1F310301, 0x1F35),
    (0x1F310342, 0x1F37),
    (0x1F380300, 0x1F3A),
    (0x1F380301, 0x1F3C),
    (0x1F380342, 0x1F3E),
    (0x1F390300, 0x1F3B),
    (0x1F390301, 0x1F3D),
    (0x1F390342, 0x1F3F),
    (0x1F400300, 0x1F42),
    (0x1F400301, 0x1F44),
    (0x1F410300, 0x1F43),
    (0x1F410301, 0x1F45),
    (0x1F480300, 0x1F4A),
    (0x1F480301, 0x1F4C),
    (0x1F490300, 0x1F4B),
    (0x1F490301, 0x1F4D),
    (0x1F500300, 0x1F52),
    (0x1F500301, 0x1F54),
    (0x1F500342, 0x1F56),
    (0x1F510300, 0x1F53),
    (0x1F510301, 0x1F55),
    (0x1F510342, 0x1F57),
    (0x1F590300, 0x1F5B),
    (0x1F590301, 0x1F5D),
    (0x1F590342, 0x1F5F),
    (0x1F600300, 0x1F62),
    (0x1F600301, 0x1F64),
    (0x1F600342, 0x1F66),
    (0x1F600345, 0x1FA0),
    (0x1F610300, 0x1F63),
    (0x1F610301, 0x1F65),
    (0x1F610342, 0x1F67),
    (0x1F610345, 0x1FA1),
    (0x1F620345, 0x1FA2),
    (0x1F630345, 0x1FA3),
    (0x1F640345, 0x1FA4),
    (0x1F650345, 0x1FA5),
    (0x1F660345, 0x1FA6),
    (0x1F670345, 0x1FA7),
    (0x1F680300, 0x1F6A),
    (0x1F680301, 0x1F6C),
    (0x1F680342, 0x1F6E),
    (0x1F680345, 0x1FA8),
    (0x1F690300, 0x1F6B),
    (0x1F690301, 0x1F6D),
    (0x1F690342, 0x1F6F),
    (0x1F690345, 0x1FA9),
    (0x1F6A0345, 0x1FAA),
    (0x1F6B0345, 0x1FAB),
    (0x1F6C0345, 0x1FAC),
    (0x1F6D0345, 0x1FAD),
    (0x1F6E0345, 0x1FAE),
    (0x1F6F0345, 0x1FAF),
    (0x1F700345, 0x1FB2),
    (0x1F740345, 0x1FC2),
    (0x1F7C0345, 0x1FF2),
    (0x1FB60345, 0x1FB7),
    (0x1FBF0300, 0x1FCD),
    (0x1FBF0301, 0x1FCE),
    (0x1FBF0342, 0x1FCF),
    (0x1FC60345, 0x1FC7),
    (0x1FF60345, 0x1FF7),
    (0x1FFE0300, 0x1FDD),
    (0x1FFE0301, 0x1FDE),
    (0x1FFE0342, 0x1FDF),
    (0x21900338, 0x219A),
    (0x21920338, 0x219B),
    (0x21940338, 0x21AE),
    (0x21D00338, 0x21CD),
    (0x21D20338, 0x21CF),
    (0x21D40338, 0x21CE),
    (0x22030338, 0x2204),
    (0x22080338, 0x2209),
    (0x220B0338, 0x220C),
    (0x22230338, 0x2224),
    (0x22250338, 0x2226),
    (0x223C0338, 0x2241),
    (0x22430338, 0x2244),
    (0x22450338, 0x2247),
    (0x22480338, 0x2249),
    (0x224D0338, 0x226D),
    (0x22610338, 0x2262),
    (0x22640338, 0x2270),
    (0x22650338, 0x2271),
    (0x22720338, 0x2274),
    (0x22730338, 0x2275),
    (0x22760338, 0x2278),
    (0x22770338, 0x2279),
    (0x227A0338, 0x2280),
    (0x227B0338, 0x2281),
    (0x227C0338, 0x22E0),
    (0x227D0338, 0x22E1),
    (0x22820338, 0x2284),
    (0x22830338, 0x2285),
    (0x22860338, 0x2288),
    (0x22870338, 0x2289),
    (0x22910338, 0x22E2),
    (0x22920338, 0x22E3),
    (0x22A20338, 0x22AC),
    (0x22A80338, 0x22AD),
    (0x22A90338, 0x22AE),
    (0x22AB0338, 0x22AF),
    (0x22B20338, 0x22EA),
    (0x22B30338, 0x22EB),
    (0x22B40338, 0x22EC),
    (0x22B50338, 0x22ED),
    (0x30463099, 0x3094),
    (0x304B3099, 0x304C),
    (0x304D3099, 0x304E),
    (0x304F3099, 0x3050),
    (0x30513099, 0x3052),
    (0x30533099, 0x3054),
    (0x30553099, 0x3056),
    (0x30573099, 0x3058),
    (0x30593099, 0x305A),
    (0x305B3099, 0x305C),
    (0x305D3099, 0x305E),
    (0x305F3099, 0x3060),
    (0x30613099, 0x3062),
    (0x30643099, 0x3065),
    (0x30663099, 0x3067),
    (0x30683099, 0x3069),
    (0x306F3099, 0x3070),
    (0x306F309A, 0x3071),
    (0x30723099, 0x3073),
    (0x3072309A, 0x3074),
    (0x30753099, 0x3076),
    (0x3075309A, 0x3077),
    (0x30783099, 0x3079),
    (0x3078309A, 0x307A),
    (0x307B3099, 0x307C),
    (0x307B309A, 0x307D),
    (0x309D3099, 0x309E),
    (0x30A63099, 0x30F4),
    (0x30AB3099, 0x30AC),
    (0x30AD3099, 0x30AE),
    (0x30AF3099, 0x30B0),
    (0x30B13099, 0x30B2),
    (0x30B33099, 0x30B4),
    (0x30B53099, 0x30B6),
    (0x30B73099, 0x30B8),
    (0x30B93099, 0x30BA),
    (0x30BB3099, 0x30BC),
    (0x30BD3099, 0x30BE),
    (0x30BF3099, 0x30C0),
    (0x30C13099, 0x30C2),
    (0x30C43099, 0x30C5),
    (0x30C63099, 0x30C7),
    (0x30C83099, 0x30C9),
    (0x30CF3099, 0x30D0),
    (0x30CF309A, 0x30D1),
    (0x30D23099, 0x30D3),
    (0x30D2309A, 0x30D4),
    (0x30D53099, 0x30D6),
    (0x30D5309A, 0x30D7),
    (0x30D83099, 0x30D9),
    (0x30D8309A, 0x30DA),
    (0x30DB3099, 0x30DC),
    (0x30DB309A, 0x30DD),
    (0x30EF3099, 0x30F7),
    (0x30F03099, 0x30F8),
    (0x30F13099, 0x30F9),
    (0x30F23099, 0x30FA),
    (0x30FD3099, 0x30FE),
];
